DEPTH = 16384;
WIDTH = 8;
ADDRESS_RADIX = DEC;
DATA_RADIX = HEX;
CONTENT BEGIN

0 : 20;
1 : 20;
2 : 20;
3 : 20;
4 : 20;
5 : 20;
6 : 20;
7 : 20;
8 : 20;
9 : 01;
10 : 01;
11 : 01;
12 : 01;
13 : 01;
14 : 01;
15 : 20;
16 : 20;
17 : 01;
18 : 01;
19 : 01;
20 : 01;
21 : 01;
22 : 01;
23 : 20;
24 : 20;
25 : 01;
26 : 01;
27 : 01;
28 : 01;
29 : 01;
30 : 01;
31 : 20;
32 : 20;
33 : 01;
34 : 01;
35 : 01;
36 : 01;
37 : 01;
38 : 01;
39 : 20;
40 : 20;
41 : 01;
42 : 01;
43 : 01;
44 : 01;
45 : 01;
46 : 01;
47 : 20;
48 : 20;
49 : 01;
50 : 01;
51 : 01;
52 : 01;
53 : 01;
54 : 01;
55 : 20;
56 : 20;
57 : 20;
58 : 20;
59 : 20;
60 : 20;
61 : 20;
62 : 20;
63 : 20;
64 : 20;
65 : 20;
66 : 20;
67 : 20;
68 : 20;
69 : 20;
70 : 20;
71 : 20;
72 : 20;
73 : 03;
74 : 03;
75 : 03;
76 : 03;
77 : 03;
78 : 03;
79 : 20;
80 : 20;
81 : 03;
82 : 03;
83 : 03;
84 : 03;
85 : 03;
86 : 03;
87 : 20;
88 : 20;
89 : 03;
90 : 03;
91 : 03;
92 : 03;
93 : 03;
94 : 03;
95 : 20;
96 : 20;
97 : 03;
98 : 03;
99 : 03;
100 : 03;
101 : 03;
102 : 03;
103 : 20;
104 : 20;
105 : 03;
106 : 03;
107 : 03;
108 : 03;
109 : 03;
110 : 03;
111 : 20;
112 : 20;
113 : 03;
114 : 03;
115 : 03;
116 : 03;
117 : 03;
118 : 03;
119 : 20;
120 : 20;
121 : 20;
122 : 20;
123 : 20;
124 : 20;
125 : 20;
126 : 20;
127 : 20;
128 : 20;
129 : 20;
130 : 20;
131 : 20;
132 : 20;
133 : 20;
134 : 20;
135 : 20;
136 : 20;
137 : 05;
138 : 05;
139 : 05;
140 : 05;
141 : 05;
142 : 05;
143 : 20;
144 : 20;
145 : 05;
146 : 05;
147 : 05;
148 : 05;
149 : 05;
150 : 05;
151 : 20;
152 : 20;
153 : 05;
154 : 05;
155 : 05;
156 : 05;
157 : 05;
158 : 05;
159 : 20;
160 : 20;
161 : 05;
162 : 05;
163 : 05;
164 : 05;
165 : 05;
166 : 05;
167 : 20;
168 : 20;
169 : 05;
170 : 05;
171 : 05;
172 : 05;
173 : 05;
174 : 05;
175 : 20;
176 : 20;
177 : 05;
178 : 05;
179 : 05;
180 : 05;
181 : 05;
182 : 05;
183 : 20;
184 : 20;
185 : 20;
186 : 20;
187 : 20;
188 : 20;
189 : 20;
190 : 20;
191 : 20;
192 : 20;
193 : 20;
194 : 20;
195 : 20;
196 : 20;
197 : 20;
198 : 20;
199 : 20;
200 : 20;
201 : 07;
202 : 07;
203 : 07;
204 : 07;
205 : 07;
206 : 07;
207 : 20;
208 : 20;
209 : 07;
210 : 07;
211 : 07;
212 : 07;
213 : 07;
214 : 07;
215 : 20;
216 : 20;
217 : 07;
218 : 07;
219 : 07;
220 : 07;
221 : 07;
222 : 07;
223 : 20;
224 : 20;
225 : 07;
226 : 07;
227 : 07;
228 : 07;
229 : 07;
230 : 07;
231 : 20;
232 : 20;
233 : 07;
234 : 07;
235 : 07;
236 : 07;
237 : 07;
238 : 07;
239 : 20;
240 : 20;
241 : 07;
242 : 07;
243 : 07;
244 : 07;
245 : 07;
246 : 07;
247 : 20;
248 : 20;
249 : 20;
250 : 20;
251 : 20;
252 : 20;
253 : 20;
254 : 20;
255 : 20;
256 : 20;
257 : 20;
258 : 20;
259 : 20;
260 : 20;
261 : 20;
262 : 20;
263 : 20;
264 : 20;
265 : 09;
266 : 09;
267 : 09;
268 : 09;
269 : 09;
270 : 09;
271 : 20;
272 : 20;
273 : 09;
274 : 09;
275 : 09;
276 : 09;
277 : 09;
278 : 09;
279 : 20;
280 : 20;
281 : 09;
282 : 09;
283 : 09;
284 : 09;
285 : 09;
286 : 09;
287 : 20;
288 : 20;
289 : 09;
290 : 09;
291 : 09;
292 : 09;
293 : 09;
294 : 09;
295 : 20;
296 : 20;
297 : 09;
298 : 09;
299 : 09;
300 : 09;
301 : 09;
302 : 09;
303 : 20;
304 : 20;
305 : 09;
306 : 09;
307 : 09;
308 : 09;
309 : 09;
310 : 09;
311 : 20;
312 : 20;
313 : 20;
314 : 20;
315 : 20;
316 : 20;
317 : 20;
318 : 20;
319 : 20;
320 : 20;
321 : 20;
322 : 20;
323 : 20;
324 : 20;
325 : 20;
326 : 20;
327 : 20;
328 : 20;
329 : 0B;
330 : 0B;
331 : 0B;
332 : 0B;
333 : 0B;
334 : 0B;
335 : 20;
336 : 20;
337 : 0B;
338 : 0B;
339 : 0B;
340 : 0B;
341 : 0B;
342 : 0B;
343 : 20;
344 : 20;
345 : 0B;
346 : 0B;
347 : 0B;
348 : 0B;
349 : 0B;
350 : 0B;
351 : 20;
352 : 20;
353 : 0B;
354 : 0B;
355 : 0B;
356 : 0B;
357 : 0B;
358 : 0B;
359 : 20;
360 : 20;
361 : 0B;
362 : 0B;
363 : 0B;
364 : 0B;
365 : 0B;
366 : 0B;
367 : 20;
368 : 20;
369 : 0B;
370 : 0B;
371 : 0B;
372 : 0B;
373 : 0B;
374 : 0B;
375 : 20;
376 : 20;
377 : 20;
378 : 20;
379 : 20;
380 : 20;
381 : 20;
382 : 20;
383 : 20;
384 : 20;
385 : 20;
386 : 20;
387 : 20;
388 : 20;
389 : 20;
390 : 20;
391 : 20;
392 : 20;
393 : 0D;
394 : 0D;
395 : 0D;
396 : 0D;
397 : 0D;
398 : 0D;
399 : 20;
400 : 20;
401 : 0D;
402 : 0D;
403 : 0D;
404 : 0D;
405 : 0D;
406 : 0D;
407 : 20;
408 : 20;
409 : 0D;
410 : 0D;
411 : 0D;
412 : 0D;
413 : 0D;
414 : 0D;
415 : 20;
416 : 20;
417 : 0D;
418 : 0D;
419 : 0D;
420 : 0D;
421 : 0D;
422 : 0D;
423 : 20;
424 : 20;
425 : 0D;
426 : 0D;
427 : 0D;
428 : 0D;
429 : 0D;
430 : 0D;
431 : 20;
432 : 20;
433 : 0D;
434 : 0D;
435 : 0D;
436 : 0D;
437 : 0D;
438 : 0D;
439 : 20;
440 : 20;
441 : 20;
442 : 20;
443 : 20;
444 : 20;
445 : 20;
446 : 20;
447 : 20;
448 : 20;
449 : 20;
450 : 20;
451 : 20;
452 : 20;
453 : 20;
454 : 20;
455 : 20;
456 : 20;
457 : 0F;
458 : 0F;
459 : 0F;
460 : 0F;
461 : 0F;
462 : 0F;
463 : 20;
464 : 20;
465 : 0F;
466 : 0F;
467 : 0F;
468 : 0F;
469 : 0F;
470 : 0F;
471 : 20;
472 : 20;
473 : 0F;
474 : 0F;
475 : 0F;
476 : 0F;
477 : 0F;
478 : 0F;
479 : 20;
480 : 20;
481 : 0F;
482 : 0F;
483 : 0F;
484 : 0F;
485 : 0F;
486 : 0F;
487 : 20;
488 : 20;
489 : 0F;
490 : 0F;
491 : 0F;
492 : 0F;
493 : 0F;
494 : 0F;
495 : 20;
496 : 20;
497 : 0F;
498 : 0F;
499 : 0F;
500 : 0F;
501 : 0F;
502 : 0F;
503 : 20;
504 : 20;
505 : 20;
506 : 20;
507 : 20;
508 : 20;
509 : 20;
510 : 20;
511 : 20;
512 : 20;
513 : 20;
514 : 20;
515 : 20;
516 : 20;
517 : 20;
518 : 20;
519 : 20;
520 : 20;
521 : 11;
522 : 11;
523 : 11;
524 : 11;
525 : 11;
526 : 11;
527 : 20;
528 : 20;
529 : 11;
530 : 11;
531 : 11;
532 : 11;
533 : 11;
534 : 11;
535 : 20;
536 : 20;
537 : 11;
538 : 11;
539 : 11;
540 : 11;
541 : 11;
542 : 11;
543 : 20;
544 : 20;
545 : 11;
546 : 11;
547 : 11;
548 : 11;
549 : 11;
550 : 11;
551 : 20;
552 : 20;
553 : 11;
554 : 11;
555 : 11;
556 : 11;
557 : 11;
558 : 11;
559 : 20;
560 : 20;
561 : 11;
562 : 11;
563 : 11;
564 : 11;
565 : 11;
566 : 11;
567 : 20;
568 : 20;
569 : 20;
570 : 20;
571 : 20;
572 : 20;
573 : 20;
574 : 20;
575 : 20;
576 : 20;
577 : 20;
578 : 20;
579 : 20;
580 : 20;
581 : 20;
582 : 20;
583 : 20;
584 : 20;
585 : 13;
586 : 13;
587 : 13;
588 : 13;
589 : 13;
590 : 13;
591 : 20;
592 : 20;
593 : 13;
594 : 13;
595 : 13;
596 : 13;
597 : 13;
598 : 13;
599 : 20;
600 : 20;
601 : 13;
602 : 13;
603 : 13;
604 : 13;
605 : 13;
606 : 13;
607 : 20;
608 : 20;
609 : 13;
610 : 13;
611 : 13;
612 : 13;
613 : 13;
614 : 13;
615 : 20;
616 : 20;
617 : 13;
618 : 13;
619 : 13;
620 : 13;
621 : 13;
622 : 13;
623 : 20;
624 : 20;
625 : 13;
626 : 13;
627 : 13;
628 : 13;
629 : 13;
630 : 13;
631 : 20;
632 : 20;
633 : 20;
634 : 20;
635 : 20;
636 : 20;
637 : 20;
638 : 20;
639 : 20;
640 : 20;
641 : 20;
642 : 20;
643 : 20;
644 : 20;
645 : 20;
646 : 20;
647 : 20;
648 : 20;
649 : 15;
650 : 15;
651 : 15;
652 : 15;
653 : 15;
654 : 15;
655 : 20;
656 : 20;
657 : 15;
658 : 15;
659 : 15;
660 : 15;
661 : 15;
662 : 15;
663 : 20;
664 : 20;
665 : 15;
666 : 15;
667 : 15;
668 : 15;
669 : 15;
670 : 15;
671 : 20;
672 : 20;
673 : 15;
674 : 15;
675 : 15;
676 : 15;
677 : 15;
678 : 15;
679 : 20;
680 : 20;
681 : 15;
682 : 15;
683 : 15;
684 : 15;
685 : 15;
686 : 15;
687 : 20;
688 : 20;
689 : 15;
690 : 15;
691 : 15;
692 : 15;
693 : 15;
694 : 15;
695 : 20;
696 : 20;
697 : 20;
698 : 20;
699 : 20;
700 : 20;
701 : 20;
702 : 20;
703 : 20;
704 : 20;
705 : 20;
706 : 20;
707 : 20;
708 : 20;
709 : 20;
710 : 20;
711 : 20;
712 : 20;
713 : 17;
714 : 17;
715 : 17;
716 : 17;
717 : 17;
718 : 17;
719 : 20;
720 : 20;
721 : 17;
722 : 17;
723 : 17;
724 : 17;
725 : 17;
726 : 17;
727 : 20;
728 : 20;
729 : 17;
730 : 17;
731 : 17;
732 : 17;
733 : 17;
734 : 17;
735 : 20;
736 : 20;
737 : 17;
738 : 17;
739 : 17;
740 : 17;
741 : 17;
742 : 17;
743 : 20;
744 : 20;
745 : 17;
746 : 17;
747 : 17;
748 : 17;
749 : 17;
750 : 17;
751 : 20;
752 : 20;
753 : 17;
754 : 17;
755 : 17;
756 : 17;
757 : 17;
758 : 17;
759 : 20;
760 : 20;
761 : 20;
762 : 20;
763 : 20;
764 : 20;
765 : 20;
766 : 20;
767 : 20;
768 : 20;
769 : 20;
770 : 20;
771 : 20;
772 : 20;
773 : 20;
774 : 20;
775 : 20;
776 : 20;
777 : 19;
778 : 19;
779 : 19;
780 : 19;
781 : 19;
782 : 19;
783 : 20;
784 : 20;
785 : 19;
786 : 19;
787 : 19;
788 : 19;
789 : 19;
790 : 19;
791 : 20;
792 : 20;
793 : 19;
794 : 19;
795 : 19;
796 : 19;
797 : 19;
798 : 19;
799 : 20;
800 : 20;
801 : 19;
802 : 19;
803 : 19;
804 : 19;
805 : 19;
806 : 19;
807 : 20;
808 : 20;
809 : 19;
810 : 19;
811 : 19;
812 : 19;
813 : 19;
814 : 19;
815 : 20;
816 : 20;
817 : 19;
818 : 19;
819 : 19;
820 : 19;
821 : 19;
822 : 19;
823 : 20;
824 : 20;
825 : 20;
826 : 20;
827 : 20;
828 : 20;
829 : 20;
830 : 20;
831 : 20;
832 : 20;
833 : 20;
834 : 20;
835 : 20;
836 : 20;
837 : 20;
838 : 20;
839 : 20;
840 : 20;
841 : 1B;
842 : 1B;
843 : 1B;
844 : 1B;
845 : 1B;
846 : 1B;
847 : 20;
848 : 20;
849 : 1B;
850 : 1B;
851 : 1B;
852 : 1B;
853 : 1B;
854 : 1B;
855 : 20;
856 : 20;
857 : 1B;
858 : 1B;
859 : 1B;
860 : 1B;
861 : 1B;
862 : 1B;
863 : 20;
864 : 20;
865 : 1B;
866 : 1B;
867 : 1B;
868 : 1B;
869 : 1B;
870 : 1B;
871 : 20;
872 : 20;
873 : 1B;
874 : 1B;
875 : 1B;
876 : 1B;
877 : 1B;
878 : 1B;
879 : 20;
880 : 20;
881 : 1B;
882 : 1B;
883 : 1B;
884 : 1B;
885 : 1B;
886 : 1B;
887 : 20;
888 : 20;
889 : 20;
890 : 20;
891 : 20;
892 : 20;
893 : 20;
894 : 20;
895 : 20;
896 : 20;
897 : 20;
898 : 20;
899 : 20;
900 : 20;
901 : 20;
902 : 20;
903 : 20;
904 : 20;
905 : 1D;
906 : 1D;
907 : 1D;
908 : 1D;
909 : 1D;
910 : 1D;
911 : 20;
912 : 20;
913 : 1D;
914 : 1D;
915 : 1D;
916 : 1D;
917 : 1D;
918 : 1D;
919 : 20;
920 : 20;
921 : 1D;
922 : 1D;
923 : 1D;
924 : 1D;
925 : 1D;
926 : 1D;
927 : 20;
928 : 20;
929 : 1D;
930 : 1D;
931 : 1D;
932 : 1D;
933 : 1D;
934 : 1D;
935 : 20;
936 : 20;
937 : 1D;
938 : 1D;
939 : 1D;
940 : 1D;
941 : 1D;
942 : 1D;
943 : 20;
944 : 20;
945 : 1D;
946 : 1D;
947 : 1D;
948 : 1D;
949 : 1D;
950 : 1D;
951 : 20;
952 : 20;
953 : 20;
954 : 20;
955 : 20;
956 : 20;
957 : 20;
958 : 20;
959 : 20;
960 : 20;
961 : 20;
962 : 20;
963 : 20;
964 : 20;
965 : 20;
966 : 20;
967 : 20;
968 : 20;
969 : 1F;
970 : 1F;
971 : 1F;
972 : 1F;
973 : 1F;
974 : 1F;
975 : 20;
976 : 20;
977 : 1F;
978 : 1F;
979 : 1F;
980 : 1F;
981 : 1F;
982 : 1F;
983 : 20;
984 : 20;
985 : 1F;
986 : 1F;
987 : 1F;
988 : 1F;
989 : 1F;
990 : 1F;
991 : 20;
992 : 20;
993 : 1F;
994 : 1F;
995 : 1F;
996 : 1F;
997 : 1F;
998 : 1F;
999 : 20;
1000 : 20;
1001 : 1F;
1002 : 1F;
1003 : 1F;
1004 : 1F;
1005 : 1F;
1006 : 1F;
1007 : 20;
1008 : 20;
1009 : 1F;
1010 : 1F;
1011 : 1F;
1012 : 1F;
1013 : 1F;
1014 : 1F;
1015 : 20;
1016 : 20;
1017 : 20;
1018 : 20;
1019 : 20;
1020 : 20;
1021 : 20;
1022 : 20;
1023 : 20;
1024 : 20;
1025 : 20;
1026 : 20;
1027 : 20;
1028 : 20;
1029 : 20;
1030 : 20;
1031 : 20;
1032 : 20;
1033 : 21;
1034 : 21;
1035 : 21;
1036 : 21;
1037 : 21;
1038 : 21;
1039 : 20;
1040 : 20;
1041 : 21;
1042 : 21;
1043 : 21;
1044 : 21;
1045 : 21;
1046 : 21;
1047 : 20;
1048 : 20;
1049 : 21;
1050 : 21;
1051 : 21;
1052 : 21;
1053 : 21;
1054 : 21;
1055 : 20;
1056 : 20;
1057 : 21;
1058 : 21;
1059 : 21;
1060 : 21;
1061 : 21;
1062 : 21;
1063 : 20;
1064 : 20;
1065 : 21;
1066 : 21;
1067 : 21;
1068 : 21;
1069 : 21;
1070 : 21;
1071 : 20;
1072 : 20;
1073 : 21;
1074 : 21;
1075 : 21;
1076 : 21;
1077 : 21;
1078 : 21;
1079 : 20;
1080 : 20;
1081 : 20;
1082 : 20;
1083 : 20;
1084 : 20;
1085 : 20;
1086 : 20;
1087 : 20;
1088 : 20;
1089 : 20;
1090 : 20;
1091 : 20;
1092 : 20;
1093 : 20;
1094 : 20;
1095 : 20;
1096 : 20;
1097 : 23;
1098 : 23;
1099 : 23;
1100 : 23;
1101 : 23;
1102 : 23;
1103 : 20;
1104 : 20;
1105 : 23;
1106 : 23;
1107 : 23;
1108 : 23;
1109 : 23;
1110 : 23;
1111 : 20;
1112 : 20;
1113 : 23;
1114 : 23;
1115 : 23;
1116 : 23;
1117 : 23;
1118 : 23;
1119 : 20;
1120 : 20;
1121 : 23;
1122 : 23;
1123 : 23;
1124 : 23;
1125 : 23;
1126 : 23;
1127 : 20;
1128 : 20;
1129 : 23;
1130 : 23;
1131 : 23;
1132 : 23;
1133 : 23;
1134 : 23;
1135 : 20;
1136 : 20;
1137 : 23;
1138 : 23;
1139 : 23;
1140 : 23;
1141 : 23;
1142 : 23;
1143 : 20;
1144 : 20;
1145 : 20;
1146 : 20;
1147 : 20;
1148 : 20;
1149 : 20;
1150 : 20;
1151 : 20;
1152 : 20;
1153 : 20;
1154 : 20;
1155 : 20;
1156 : 20;
1157 : 20;
1158 : 20;
1159 : 20;
1160 : 20;
1161 : 25;
1162 : 25;
1163 : 25;
1164 : 25;
1165 : 25;
1166 : 25;
1167 : 20;
1168 : 20;
1169 : 25;
1170 : 25;
1171 : 25;
1172 : 25;
1173 : 25;
1174 : 25;
1175 : 20;
1176 : 20;
1177 : 25;
1178 : 25;
1179 : 25;
1180 : 25;
1181 : 25;
1182 : 25;
1183 : 20;
1184 : 20;
1185 : 25;
1186 : 25;
1187 : 25;
1188 : 25;
1189 : 25;
1190 : 25;
1191 : 20;
1192 : 20;
1193 : 25;
1194 : 25;
1195 : 25;
1196 : 25;
1197 : 25;
1198 : 25;
1199 : 20;
1200 : 20;
1201 : 25;
1202 : 25;
1203 : 25;
1204 : 25;
1205 : 25;
1206 : 25;
1207 : 20;
1208 : 20;
1209 : 20;
1210 : 20;
1211 : 20;
1212 : 20;
1213 : 20;
1214 : 20;
1215 : 20;
1216 : 20;
1217 : 20;
1218 : 20;
1219 : 20;
1220 : 20;
1221 : 20;
1222 : 20;
1223 : 20;
1224 : 20;
1225 : 27;
1226 : 27;
1227 : 27;
1228 : 27;
1229 : 27;
1230 : 27;
1231 : 20;
1232 : 20;
1233 : 27;
1234 : 27;
1235 : 27;
1236 : 27;
1237 : 27;
1238 : 27;
1239 : 20;
1240 : 20;
1241 : 27;
1242 : 27;
1243 : 27;
1244 : 27;
1245 : 27;
1246 : 27;
1247 : 20;
1248 : 20;
1249 : 27;
1250 : 27;
1251 : 27;
1252 : 27;
1253 : 27;
1254 : 27;
1255 : 20;
1256 : 20;
1257 : 27;
1258 : 27;
1259 : 27;
1260 : 27;
1261 : 27;
1262 : 27;
1263 : 20;
1264 : 20;
1265 : 27;
1266 : 27;
1267 : 27;
1268 : 27;
1269 : 27;
1270 : 27;
1271 : 20;
1272 : 20;
1273 : 20;
1274 : 20;
1275 : 20;
1276 : 20;
1277 : 20;
1278 : 20;
1279 : 20;
1280 : 20;
1281 : 20;
1282 : 20;
1283 : 20;
1284 : 20;
1285 : 20;
1286 : 20;
1287 : 20;
1288 : 20;
1289 : 29;
1290 : 29;
1291 : 29;
1292 : 29;
1293 : 29;
1294 : 29;
1295 : 20;
1296 : 20;
1297 : 29;
1298 : 29;
1299 : 29;
1300 : 29;
1301 : 29;
1302 : 29;
1303 : 20;
1304 : 20;
1305 : 29;
1306 : 29;
1307 : 29;
1308 : 29;
1309 : 29;
1310 : 29;
1311 : 20;
1312 : 20;
1313 : 29;
1314 : 29;
1315 : 29;
1316 : 29;
1317 : 29;
1318 : 29;
1319 : 20;
1320 : 20;
1321 : 29;
1322 : 29;
1323 : 29;
1324 : 29;
1325 : 29;
1326 : 29;
1327 : 20;
1328 : 20;
1329 : 29;
1330 : 29;
1331 : 29;
1332 : 29;
1333 : 29;
1334 : 29;
1335 : 20;
1336 : 20;
1337 : 20;
1338 : 20;
1339 : 20;
1340 : 20;
1341 : 20;
1342 : 20;
1343 : 20;
1344 : 20;
1345 : 20;
1346 : 20;
1347 : 20;
1348 : 20;
1349 : 20;
1350 : 20;
1351 : 20;
1352 : 20;
1353 : 2B;
1354 : 2B;
1355 : 2B;
1356 : 2B;
1357 : 2B;
1358 : 2B;
1359 : 20;
1360 : 20;
1361 : 2B;
1362 : 2B;
1363 : 2B;
1364 : 2B;
1365 : 2B;
1366 : 2B;
1367 : 20;
1368 : 20;
1369 : 2B;
1370 : 2B;
1371 : 2B;
1372 : 2B;
1373 : 2B;
1374 : 2B;
1375 : 20;
1376 : 20;
1377 : 2B;
1378 : 2B;
1379 : 2B;
1380 : 2B;
1381 : 2B;
1382 : 2B;
1383 : 20;
1384 : 20;
1385 : 2B;
1386 : 2B;
1387 : 2B;
1388 : 2B;
1389 : 2B;
1390 : 2B;
1391 : 20;
1392 : 20;
1393 : 2B;
1394 : 2B;
1395 : 2B;
1396 : 2B;
1397 : 2B;
1398 : 2B;
1399 : 20;
1400 : 20;
1401 : 20;
1402 : 20;
1403 : 20;
1404 : 20;
1405 : 20;
1406 : 20;
1407 : 20;
1408 : 20;
1409 : 20;
1410 : 20;
1411 : 20;
1412 : 20;
1413 : 20;
1414 : 20;
1415 : 20;
1416 : 20;
1417 : 2D;
1418 : 2D;
1419 : 2D;
1420 : 2D;
1421 : 2D;
1422 : 2D;
1423 : 20;
1424 : 20;
1425 : 2D;
1426 : 2D;
1427 : 2D;
1428 : 2D;
1429 : 2D;
1430 : 2D;
1431 : 20;
1432 : 20;
1433 : 2D;
1434 : 2D;
1435 : 2D;
1436 : 2D;
1437 : 2D;
1438 : 2D;
1439 : 20;
1440 : 20;
1441 : 2D;
1442 : 2D;
1443 : 2D;
1444 : 2D;
1445 : 2D;
1446 : 2D;
1447 : 20;
1448 : 20;
1449 : 2D;
1450 : 2D;
1451 : 2D;
1452 : 2D;
1453 : 2D;
1454 : 2D;
1455 : 20;
1456 : 20;
1457 : 2D;
1458 : 2D;
1459 : 2D;
1460 : 2D;
1461 : 2D;
1462 : 2D;
1463 : 20;
1464 : 20;
1465 : 20;
1466 : 20;
1467 : 20;
1468 : 20;
1469 : 20;
1470 : 20;
1471 : 20;
1472 : 20;
1473 : 20;
1474 : 20;
1475 : 20;
1476 : 20;
1477 : 20;
1478 : 20;
1479 : 20;
1480 : 20;
1481 : 2F;
1482 : 2F;
1483 : 2F;
1484 : 2F;
1485 : 2F;
1486 : 2F;
1487 : 20;
1488 : 20;
1489 : 2F;
1490 : 2F;
1491 : 2F;
1492 : 2F;
1493 : 2F;
1494 : 2F;
1495 : 20;
1496 : 20;
1497 : 2F;
1498 : 2F;
1499 : 2F;
1500 : 2F;
1501 : 2F;
1502 : 2F;
1503 : 20;
1504 : 20;
1505 : 2F;
1506 : 2F;
1507 : 2F;
1508 : 2F;
1509 : 2F;
1510 : 2F;
1511 : 20;
1512 : 20;
1513 : 2F;
1514 : 2F;
1515 : 2F;
1516 : 2F;
1517 : 2F;
1518 : 2F;
1519 : 20;
1520 : 20;
1521 : 2F;
1522 : 2F;
1523 : 2F;
1524 : 2F;
1525 : 2F;
1526 : 2F;
1527 : 20;
1528 : 20;
1529 : 20;
1530 : 20;
1531 : 20;
1532 : 20;
1533 : 20;
1534 : 20;
1535 : 20;
1536 : 20;
1537 : 20;
1538 : 20;
1539 : 20;
1540 : 20;
1541 : 20;
1542 : 20;
1543 : 20;
1544 : 20;
1545 : 31;
1546 : 31;
1547 : 31;
1548 : 31;
1549 : 31;
1550 : 31;
1551 : 20;
1552 : 20;
1553 : 31;
1554 : 31;
1555 : 31;
1556 : 31;
1557 : 31;
1558 : 31;
1559 : 20;
1560 : 20;
1561 : 31;
1562 : 31;
1563 : 31;
1564 : 31;
1565 : 31;
1566 : 31;
1567 : 20;
1568 : 20;
1569 : 31;
1570 : 31;
1571 : 31;
1572 : 31;
1573 : 31;
1574 : 31;
1575 : 20;
1576 : 20;
1577 : 31;
1578 : 31;
1579 : 31;
1580 : 31;
1581 : 31;
1582 : 31;
1583 : 20;
1584 : 20;
1585 : 31;
1586 : 31;
1587 : 31;
1588 : 31;
1589 : 31;
1590 : 31;
1591 : 20;
1592 : 20;
1593 : 20;
1594 : 20;
1595 : 20;
1596 : 20;
1597 : 20;
1598 : 20;
1599 : 20;
1600 : 20;
1601 : 20;
1602 : 20;
1603 : 20;
1604 : 20;
1605 : 20;
1606 : 20;
1607 : 20;
1608 : 20;
1609 : 33;
1610 : 33;
1611 : 33;
1612 : 33;
1613 : 33;
1614 : 33;
1615 : 20;
1616 : 20;
1617 : 33;
1618 : 33;
1619 : 33;
1620 : 33;
1621 : 33;
1622 : 33;
1623 : 20;
1624 : 20;
1625 : 33;
1626 : 33;
1627 : 33;
1628 : 33;
1629 : 33;
1630 : 33;
1631 : 20;
1632 : 20;
1633 : 33;
1634 : 33;
1635 : 33;
1636 : 33;
1637 : 33;
1638 : 33;
1639 : 20;
1640 : 20;
1641 : 33;
1642 : 33;
1643 : 33;
1644 : 33;
1645 : 33;
1646 : 33;
1647 : 20;
1648 : 20;
1649 : 33;
1650 : 33;
1651 : 33;
1652 : 33;
1653 : 33;
1654 : 33;
1655 : 20;
1656 : 20;
1657 : 20;
1658 : 20;
1659 : 20;
1660 : 20;
1661 : 20;
1662 : 20;
1663 : 20;
1664 : 20;
1665 : 20;
1666 : 20;
1667 : 20;
1668 : 20;
1669 : 20;
1670 : 20;
1671 : 20;
1672 : 20;
1673 : 35;
1674 : 35;
1675 : 35;
1676 : 35;
1677 : 35;
1678 : 35;
1679 : 20;
1680 : 20;
1681 : 35;
1682 : 35;
1683 : 35;
1684 : 35;
1685 : 35;
1686 : 35;
1687 : 20;
1688 : 20;
1689 : 35;
1690 : 35;
1691 : 35;
1692 : 35;
1693 : 35;
1694 : 35;
1695 : 20;
1696 : 20;
1697 : 35;
1698 : 35;
1699 : 35;
1700 : 35;
1701 : 35;
1702 : 35;
1703 : 20;
1704 : 20;
1705 : 35;
1706 : 35;
1707 : 35;
1708 : 35;
1709 : 35;
1710 : 35;
1711 : 20;
1712 : 20;
1713 : 35;
1714 : 35;
1715 : 35;
1716 : 35;
1717 : 35;
1718 : 35;
1719 : 20;
1720 : 20;
1721 : 20;
1722 : 20;
1723 : 20;
1724 : 20;
1725 : 20;
1726 : 20;
1727 : 20;
1728 : 20;
1729 : 20;
1730 : 20;
1731 : 20;
1732 : 20;
1733 : 20;
1734 : 20;
1735 : 20;
1736 : 20;
1737 : 37;
1738 : 37;
1739 : 37;
1740 : 37;
1741 : 37;
1742 : 37;
1743 : 20;
1744 : 20;
1745 : 37;
1746 : 37;
1747 : 37;
1748 : 37;
1749 : 37;
1750 : 37;
1751 : 20;
1752 : 20;
1753 : 37;
1754 : 37;
1755 : 37;
1756 : 37;
1757 : 37;
1758 : 37;
1759 : 20;
1760 : 20;
1761 : 37;
1762 : 37;
1763 : 37;
1764 : 37;
1765 : 37;
1766 : 37;
1767 : 20;
1768 : 20;
1769 : 37;
1770 : 37;
1771 : 37;
1772 : 37;
1773 : 37;
1774 : 37;
1775 : 20;
1776 : 20;
1777 : 37;
1778 : 37;
1779 : 37;
1780 : 37;
1781 : 37;
1782 : 37;
1783 : 20;
1784 : 20;
1785 : 20;
1786 : 20;
1787 : 20;
1788 : 20;
1789 : 20;
1790 : 20;
1791 : 20;
1792 : 20;
1793 : 20;
1794 : 20;
1795 : 20;
1796 : 20;
1797 : 20;
1798 : 20;
1799 : 20;
1800 : 20;
1801 : 39;
1802 : 39;
1803 : 39;
1804 : 39;
1805 : 39;
1806 : 39;
1807 : 20;
1808 : 20;
1809 : 39;
1810 : 39;
1811 : 39;
1812 : 39;
1813 : 39;
1814 : 39;
1815 : 20;
1816 : 20;
1817 : 39;
1818 : 39;
1819 : 39;
1820 : 39;
1821 : 39;
1822 : 39;
1823 : 20;
1824 : 20;
1825 : 39;
1826 : 39;
1827 : 39;
1828 : 39;
1829 : 39;
1830 : 39;
1831 : 20;
1832 : 20;
1833 : 39;
1834 : 39;
1835 : 39;
1836 : 39;
1837 : 39;
1838 : 39;
1839 : 20;
1840 : 20;
1841 : 39;
1842 : 39;
1843 : 39;
1844 : 39;
1845 : 39;
1846 : 39;
1847 : 20;
1848 : 20;
1849 : 20;
1850 : 20;
1851 : 20;
1852 : 20;
1853 : 20;
1854 : 20;
1855 : 20;
1856 : 20;
1857 : 20;
1858 : 20;
1859 : 20;
1860 : 20;
1861 : 20;
1862 : 20;
1863 : 20;
1864 : 20;
1865 : 3B;
1866 : 3B;
1867 : 3B;
1868 : 3B;
1869 : 3B;
1870 : 3B;
1871 : 20;
1872 : 20;
1873 : 3B;
1874 : 3B;
1875 : 3B;
1876 : 3B;
1877 : 3B;
1878 : 3B;
1879 : 20;
1880 : 20;
1881 : 3B;
1882 : 3B;
1883 : 3B;
1884 : 3B;
1885 : 3B;
1886 : 3B;
1887 : 20;
1888 : 20;
1889 : 3B;
1890 : 3B;
1891 : 3B;
1892 : 3B;
1893 : 3B;
1894 : 3B;
1895 : 20;
1896 : 20;
1897 : 3B;
1898 : 3B;
1899 : 3B;
1900 : 3B;
1901 : 3B;
1902 : 3B;
1903 : 20;
1904 : 20;
1905 : 3B;
1906 : 3B;
1907 : 3B;
1908 : 3B;
1909 : 3B;
1910 : 3B;
1911 : 20;
1912 : 20;
1913 : 20;
1914 : 20;
1915 : 20;
1916 : 20;
1917 : 20;
1918 : 20;
1919 : 20;
1920 : 20;
1921 : 20;
1922 : 20;
1923 : 20;
1924 : 20;
1925 : 20;
1926 : 20;
1927 : 20;
1928 : 20;
1929 : 3D;
1930 : 3D;
1931 : 3D;
1932 : 3D;
1933 : 3D;
1934 : 3D;
1935 : 20;
1936 : 20;
1937 : 3D;
1938 : 3D;
1939 : 3D;
1940 : 3D;
1941 : 3D;
1942 : 3D;
1943 : 20;
1944 : 20;
1945 : 3D;
1946 : 3D;
1947 : 3D;
1948 : 3D;
1949 : 3D;
1950 : 3D;
1951 : 20;
1952 : 20;
1953 : 3D;
1954 : 3D;
1955 : 3D;
1956 : 3D;
1957 : 3D;
1958 : 3D;
1959 : 20;
1960 : 20;
1961 : 3D;
1962 : 3D;
1963 : 3D;
1964 : 3D;
1965 : 3D;
1966 : 3D;
1967 : 20;
1968 : 20;
1969 : 3D;
1970 : 3D;
1971 : 3D;
1972 : 3D;
1973 : 3D;
1974 : 3D;
1975 : 20;
1976 : 20;
1977 : 20;
1978 : 20;
1979 : 20;
1980 : 20;
1981 : 20;
1982 : 20;
1983 : 20;
1984 : 20;
1985 : 20;
1986 : 20;
1987 : 20;
1988 : 20;
1989 : 20;
1990 : 20;
1991 : 20;
1992 : 20;
1993 : 3F;
1994 : 3F;
1995 : 3F;
1996 : 3F;
1997 : 3F;
1998 : 3F;
1999 : 20;
2000 : 20;
2001 : 3F;
2002 : 3F;
2003 : 3F;
2004 : 3F;
2005 : 3F;
2006 : 3F;
2007 : 20;
2008 : 20;
2009 : 3F;
2010 : 3F;
2011 : 3F;
2012 : 3F;
2013 : 3F;
2014 : 3F;
2015 : 20;
2016 : 20;
2017 : 3F;
2018 : 3F;
2019 : 3F;
2020 : 3F;
2021 : 3F;
2022 : 3F;
2023 : 20;
2024 : 20;
2025 : 3F;
2026 : 3F;
2027 : 3F;
2028 : 3F;
2029 : 3F;
2030 : 3F;
2031 : 20;
2032 : 20;
2033 : 3F;
2034 : 3F;
2035 : 3F;
2036 : 3F;
2037 : 3F;
2038 : 3F;
2039 : 20;
2040 : 20;
2041 : 20;
2042 : 20;
2043 : 20;
2044 : 20;
2045 : 20;
2046 : 20;
2047 : 20;
2048 : 20;
2049 : 20;
2050 : 20;
2051 : 20;
2052 : 20;
2053 : 20;
2054 : 20;
2055 : 20;
2056 : 20;
2057 : 41;
2058 : 41;
2059 : 41;
2060 : 41;
2061 : 41;
2062 : 41;
2063 : 20;
2064 : 20;
2065 : 41;
2066 : 41;
2067 : 41;
2068 : 41;
2069 : 41;
2070 : 41;
2071 : 20;
2072 : 20;
2073 : 41;
2074 : 41;
2075 : 41;
2076 : 41;
2077 : 41;
2078 : 41;
2079 : 20;
2080 : 20;
2081 : 41;
2082 : 41;
2083 : 41;
2084 : 41;
2085 : 41;
2086 : 41;
2087 : 20;
2088 : 20;
2089 : 41;
2090 : 41;
2091 : 41;
2092 : 41;
2093 : 41;
2094 : 41;
2095 : 20;
2096 : 20;
2097 : 41;
2098 : 41;
2099 : 41;
2100 : 41;
2101 : 41;
2102 : 41;
2103 : 20;
2104 : 20;
2105 : 20;
2106 : 20;
2107 : 20;
2108 : 20;
2109 : 20;
2110 : 20;
2111 : 20;
2112 : 20;
2113 : 20;
2114 : 20;
2115 : 20;
2116 : 20;
2117 : 20;
2118 : 20;
2119 : 20;
2120 : 20;
2121 : 43;
2122 : 43;
2123 : 43;
2124 : 43;
2125 : 43;
2126 : 43;
2127 : 20;
2128 : 20;
2129 : 43;
2130 : 43;
2131 : 43;
2132 : 43;
2133 : 43;
2134 : 43;
2135 : 20;
2136 : 20;
2137 : 43;
2138 : 43;
2139 : 43;
2140 : 43;
2141 : 43;
2142 : 43;
2143 : 20;
2144 : 20;
2145 : 43;
2146 : 43;
2147 : 43;
2148 : 43;
2149 : 43;
2150 : 43;
2151 : 20;
2152 : 20;
2153 : 43;
2154 : 43;
2155 : 43;
2156 : 43;
2157 : 43;
2158 : 43;
2159 : 20;
2160 : 20;
2161 : 43;
2162 : 43;
2163 : 43;
2164 : 43;
2165 : 43;
2166 : 43;
2167 : 20;
2168 : 20;
2169 : 20;
2170 : 20;
2171 : 20;
2172 : 20;
2173 : 20;
2174 : 20;
2175 : 20;
2176 : 20;
2177 : 20;
2178 : 20;
2179 : 20;
2180 : 20;
2181 : 20;
2182 : 20;
2183 : 20;
2184 : 20;
2185 : 45;
2186 : 45;
2187 : 45;
2188 : 45;
2189 : 45;
2190 : 45;
2191 : 20;
2192 : 20;
2193 : 45;
2194 : 45;
2195 : 45;
2196 : 45;
2197 : 45;
2198 : 45;
2199 : 20;
2200 : 20;
2201 : 45;
2202 : 45;
2203 : 45;
2204 : 45;
2205 : 45;
2206 : 45;
2207 : 20;
2208 : 20;
2209 : 45;
2210 : 45;
2211 : 45;
2212 : 45;
2213 : 45;
2214 : 45;
2215 : 20;
2216 : 20;
2217 : 45;
2218 : 45;
2219 : 45;
2220 : 45;
2221 : 45;
2222 : 45;
2223 : 20;
2224 : 20;
2225 : 45;
2226 : 45;
2227 : 45;
2228 : 45;
2229 : 45;
2230 : 45;
2231 : 20;
2232 : 20;
2233 : 20;
2234 : 20;
2235 : 20;
2236 : 20;
2237 : 20;
2238 : 20;
2239 : 20;
2240 : 20;
2241 : 20;
2242 : 20;
2243 : 20;
2244 : 20;
2245 : 20;
2246 : 20;
2247 : 20;
2248 : 20;
2249 : 47;
2250 : 47;
2251 : 47;
2252 : 47;
2253 : 47;
2254 : 47;
2255 : 20;
2256 : 20;
2257 : 47;
2258 : 47;
2259 : 47;
2260 : 47;
2261 : 47;
2262 : 47;
2263 : 20;
2264 : 20;
2265 : 47;
2266 : 47;
2267 : 47;
2268 : 47;
2269 : 47;
2270 : 47;
2271 : 20;
2272 : 20;
2273 : 47;
2274 : 47;
2275 : 47;
2276 : 47;
2277 : 47;
2278 : 47;
2279 : 20;
2280 : 20;
2281 : 47;
2282 : 47;
2283 : 47;
2284 : 47;
2285 : 47;
2286 : 47;
2287 : 20;
2288 : 20;
2289 : 47;
2290 : 47;
2291 : 47;
2292 : 47;
2293 : 47;
2294 : 47;
2295 : 20;
2296 : 20;
2297 : 20;
2298 : 20;
2299 : 20;
2300 : 20;
2301 : 20;
2302 : 20;
2303 : 20;
2304 : 20;
2305 : 20;
2306 : 20;
2307 : 20;
2308 : 20;
2309 : 20;
2310 : 20;
2311 : 20;
2312 : 20;
2313 : 49;
2314 : 49;
2315 : 49;
2316 : 49;
2317 : 49;
2318 : 49;
2319 : 20;
2320 : 20;
2321 : 49;
2322 : 49;
2323 : 49;
2324 : 49;
2325 : 49;
2326 : 49;
2327 : 20;
2328 : 20;
2329 : 49;
2330 : 49;
2331 : 49;
2332 : 49;
2333 : 49;
2334 : 49;
2335 : 20;
2336 : 20;
2337 : 49;
2338 : 49;
2339 : 49;
2340 : 49;
2341 : 49;
2342 : 49;
2343 : 20;
2344 : 20;
2345 : 49;
2346 : 49;
2347 : 49;
2348 : 49;
2349 : 49;
2350 : 49;
2351 : 20;
2352 : 20;
2353 : 49;
2354 : 49;
2355 : 49;
2356 : 49;
2357 : 49;
2358 : 49;
2359 : 20;
2360 : 20;
2361 : 20;
2362 : 20;
2363 : 20;
2364 : 20;
2365 : 20;
2366 : 20;
2367 : 20;
2368 : 20;
2369 : 20;
2370 : 20;
2371 : 20;
2372 : 20;
2373 : 20;
2374 : 20;
2375 : 20;
2376 : 20;
2377 : 4B;
2378 : 4B;
2379 : 4B;
2380 : 4B;
2381 : 4B;
2382 : 4B;
2383 : 20;
2384 : 20;
2385 : 4B;
2386 : 4B;
2387 : 4B;
2388 : 4B;
2389 : 4B;
2390 : 4B;
2391 : 20;
2392 : 20;
2393 : 4B;
2394 : 4B;
2395 : 4B;
2396 : 4B;
2397 : 4B;
2398 : 4B;
2399 : 20;
2400 : 20;
2401 : 4B;
2402 : 4B;
2403 : 4B;
2404 : 4B;
2405 : 4B;
2406 : 4B;
2407 : 20;
2408 : 20;
2409 : 4B;
2410 : 4B;
2411 : 4B;
2412 : 4B;
2413 : 4B;
2414 : 4B;
2415 : 20;
2416 : 20;
2417 : 4B;
2418 : 4B;
2419 : 4B;
2420 : 4B;
2421 : 4B;
2422 : 4B;
2423 : 20;
2424 : 20;
2425 : 20;
2426 : 20;
2427 : 20;
2428 : 20;
2429 : 20;
2430 : 20;
2431 : 20;
2432 : 20;
2433 : 20;
2434 : 20;
2435 : 20;
2436 : 20;
2437 : 20;
2438 : 20;
2439 : 20;
2440 : 20;
2441 : 4D;
2442 : 4D;
2443 : 4D;
2444 : 4D;
2445 : 4D;
2446 : 4D;
2447 : 20;
2448 : 20;
2449 : 4D;
2450 : 4D;
2451 : 4D;
2452 : 4D;
2453 : 4D;
2454 : 4D;
2455 : 20;
2456 : 20;
2457 : 4D;
2458 : 4D;
2459 : 4D;
2460 : 4D;
2461 : 4D;
2462 : 4D;
2463 : 20;
2464 : 20;
2465 : 4D;
2466 : 4D;
2467 : 4D;
2468 : 4D;
2469 : 4D;
2470 : 4D;
2471 : 20;
2472 : 20;
2473 : 4D;
2474 : 4D;
2475 : 4D;
2476 : 4D;
2477 : 4D;
2478 : 4D;
2479 : 20;
2480 : 20;
2481 : 4D;
2482 : 4D;
2483 : 4D;
2484 : 4D;
2485 : 4D;
2486 : 4D;
2487 : 20;
2488 : 20;
2489 : 20;
2490 : 20;
2491 : 20;
2492 : 20;
2493 : 20;
2494 : 20;
2495 : 20;
2496 : 20;
2497 : 20;
2498 : 20;
2499 : 20;
2500 : 20;
2501 : 20;
2502 : 20;
2503 : 20;
2504 : 20;
2505 : 4F;
2506 : 4F;
2507 : 4F;
2508 : 4F;
2509 : 4F;
2510 : 4F;
2511 : 20;
2512 : 20;
2513 : 4F;
2514 : 4F;
2515 : 4F;
2516 : 4F;
2517 : 4F;
2518 : 4F;
2519 : 20;
2520 : 20;
2521 : 4F;
2522 : 4F;
2523 : 4F;
2524 : 4F;
2525 : 4F;
2526 : 4F;
2527 : 20;
2528 : 20;
2529 : 4F;
2530 : 4F;
2531 : 4F;
2532 : 4F;
2533 : 4F;
2534 : 4F;
2535 : 20;
2536 : 20;
2537 : 4F;
2538 : 4F;
2539 : 4F;
2540 : 4F;
2541 : 4F;
2542 : 4F;
2543 : 20;
2544 : 20;
2545 : 4F;
2546 : 4F;
2547 : 4F;
2548 : 4F;
2549 : 4F;
2550 : 4F;
2551 : 20;
2552 : 20;
2553 : 20;
2554 : 20;
2555 : 20;
2556 : 20;
2557 : 20;
2558 : 20;
2559 : 20;
2560 : 20;
2561 : 20;
2562 : 20;
2563 : 20;
2564 : 20;
2565 : 20;
2566 : 20;
2567 : 20;
2568 : 20;
2569 : 51;
2570 : 51;
2571 : 51;
2572 : 51;
2573 : 51;
2574 : 51;
2575 : 20;
2576 : 20;
2577 : 51;
2578 : 51;
2579 : 51;
2580 : 51;
2581 : 51;
2582 : 51;
2583 : 20;
2584 : 20;
2585 : 51;
2586 : 51;
2587 : 51;
2588 : 51;
2589 : 51;
2590 : 51;
2591 : 20;
2592 : 20;
2593 : 51;
2594 : 51;
2595 : 51;
2596 : 51;
2597 : 51;
2598 : 51;
2599 : 20;
2600 : 20;
2601 : 51;
2602 : 51;
2603 : 51;
2604 : 51;
2605 : 51;
2606 : 51;
2607 : 20;
2608 : 20;
2609 : 51;
2610 : 51;
2611 : 51;
2612 : 51;
2613 : 51;
2614 : 51;
2615 : 20;
2616 : 20;
2617 : 20;
2618 : 20;
2619 : 20;
2620 : 20;
2621 : 20;
2622 : 20;
2623 : 20;
2624 : 20;
2625 : 20;
2626 : 20;
2627 : 20;
2628 : 20;
2629 : 20;
2630 : 20;
2631 : 20;
2632 : 20;
2633 : 53;
2634 : 53;
2635 : 53;
2636 : 53;
2637 : 53;
2638 : 53;
2639 : 20;
2640 : 20;
2641 : 53;
2642 : 53;
2643 : 53;
2644 : 53;
2645 : 53;
2646 : 53;
2647 : 20;
2648 : 20;
2649 : 53;
2650 : 53;
2651 : 53;
2652 : 53;
2653 : 53;
2654 : 53;
2655 : 20;
2656 : 20;
2657 : 53;
2658 : 53;
2659 : 53;
2660 : 53;
2661 : 53;
2662 : 53;
2663 : 20;
2664 : 20;
2665 : 53;
2666 : 53;
2667 : 53;
2668 : 53;
2669 : 53;
2670 : 53;
2671 : 20;
2672 : 20;
2673 : 53;
2674 : 53;
2675 : 53;
2676 : 53;
2677 : 53;
2678 : 53;
2679 : 20;
2680 : 20;
2681 : 20;
2682 : 20;
2683 : 20;
2684 : 20;
2685 : 20;
2686 : 20;
2687 : 20;
2688 : 20;
2689 : 20;
2690 : 20;
2691 : 20;
2692 : 20;
2693 : 20;
2694 : 20;
2695 : 20;
2696 : 20;
2697 : 55;
2698 : 55;
2699 : 55;
2700 : 55;
2701 : 55;
2702 : 55;
2703 : 20;
2704 : 20;
2705 : 55;
2706 : 55;
2707 : 55;
2708 : 55;
2709 : 55;
2710 : 55;
2711 : 20;
2712 : 20;
2713 : 55;
2714 : 55;
2715 : 55;
2716 : 55;
2717 : 55;
2718 : 55;
2719 : 20;
2720 : 20;
2721 : 55;
2722 : 55;
2723 : 55;
2724 : 55;
2725 : 55;
2726 : 55;
2727 : 20;
2728 : 20;
2729 : 55;
2730 : 55;
2731 : 55;
2732 : 55;
2733 : 55;
2734 : 55;
2735 : 20;
2736 : 20;
2737 : 55;
2738 : 55;
2739 : 55;
2740 : 55;
2741 : 55;
2742 : 55;
2743 : 20;
2744 : 20;
2745 : 20;
2746 : 20;
2747 : 20;
2748 : 20;
2749 : 20;
2750 : 20;
2751 : 20;
2752 : 20;
2753 : 20;
2754 : 20;
2755 : 20;
2756 : 20;
2757 : 20;
2758 : 20;
2759 : 20;
2760 : 20;
2761 : 57;
2762 : 57;
2763 : 57;
2764 : 57;
2765 : 57;
2766 : 57;
2767 : 20;
2768 : 20;
2769 : 57;
2770 : 57;
2771 : 57;
2772 : 57;
2773 : 57;
2774 : 57;
2775 : 20;
2776 : 20;
2777 : 57;
2778 : 57;
2779 : 57;
2780 : 57;
2781 : 57;
2782 : 57;
2783 : 20;
2784 : 20;
2785 : 57;
2786 : 57;
2787 : 57;
2788 : 57;
2789 : 57;
2790 : 57;
2791 : 20;
2792 : 20;
2793 : 57;
2794 : 57;
2795 : 57;
2796 : 57;
2797 : 57;
2798 : 57;
2799 : 20;
2800 : 20;
2801 : 57;
2802 : 57;
2803 : 57;
2804 : 57;
2805 : 57;
2806 : 57;
2807 : 20;
2808 : 20;
2809 : 20;
2810 : 20;
2811 : 20;
2812 : 20;
2813 : 20;
2814 : 20;
2815 : 20;
2816 : 20;
2817 : 20;
2818 : 20;
2819 : 20;
2820 : 20;
2821 : 20;
2822 : 20;
2823 : 20;
2824 : 20;
2825 : 59;
2826 : 59;
2827 : 59;
2828 : 59;
2829 : 59;
2830 : 59;
2831 : 20;
2832 : 20;
2833 : 59;
2834 : 59;
2835 : 59;
2836 : 59;
2837 : 59;
2838 : 59;
2839 : 20;
2840 : 20;
2841 : 59;
2842 : 59;
2843 : 59;
2844 : 59;
2845 : 59;
2846 : 59;
2847 : 20;
2848 : 20;
2849 : 59;
2850 : 59;
2851 : 59;
2852 : 59;
2853 : 59;
2854 : 59;
2855 : 20;
2856 : 20;
2857 : 59;
2858 : 59;
2859 : 59;
2860 : 59;
2861 : 59;
2862 : 59;
2863 : 20;
2864 : 20;
2865 : 59;
2866 : 59;
2867 : 59;
2868 : 59;
2869 : 59;
2870 : 59;
2871 : 20;
2872 : 20;
2873 : 20;
2874 : 20;
2875 : 20;
2876 : 20;
2877 : 20;
2878 : 20;
2879 : 20;
2880 : 20;
2881 : 20;
2882 : 20;
2883 : 20;
2884 : 20;
2885 : 20;
2886 : 20;
2887 : 20;
2888 : 20;
2889 : 5B;
2890 : 5B;
2891 : 5B;
2892 : 5B;
2893 : 5B;
2894 : 5B;
2895 : 20;
2896 : 20;
2897 : 5B;
2898 : 5B;
2899 : 5B;
2900 : 5B;
2901 : 5B;
2902 : 5B;
2903 : 20;
2904 : 20;
2905 : 5B;
2906 : 5B;
2907 : 5B;
2908 : 5B;
2909 : 5B;
2910 : 5B;
2911 : 20;
2912 : 20;
2913 : 5B;
2914 : 5B;
2915 : 5B;
2916 : 5B;
2917 : 5B;
2918 : 5B;
2919 : 20;
2920 : 20;
2921 : 5B;
2922 : 5B;
2923 : 5B;
2924 : 5B;
2925 : 5B;
2926 : 5B;
2927 : 20;
2928 : 20;
2929 : 5B;
2930 : 5B;
2931 : 5B;
2932 : 5B;
2933 : 5B;
2934 : 5B;
2935 : 20;
2936 : 20;
2937 : 20;
2938 : 20;
2939 : 20;
2940 : 20;
2941 : 20;
2942 : 20;
2943 : 20;
2944 : 20;
2945 : 20;
2946 : 20;
2947 : 20;
2948 : 20;
2949 : 20;
2950 : 20;
2951 : 20;
2952 : 20;
2953 : 5D;
2954 : 5D;
2955 : 5D;
2956 : 5D;
2957 : 5D;
2958 : 5D;
2959 : 20;
2960 : 20;
2961 : 5D;
2962 : 5D;
2963 : 5D;
2964 : 5D;
2965 : 5D;
2966 : 5D;
2967 : 20;
2968 : 20;
2969 : 5D;
2970 : 5D;
2971 : 5D;
2972 : 5D;
2973 : 5D;
2974 : 5D;
2975 : 20;
2976 : 20;
2977 : 5D;
2978 : 5D;
2979 : 5D;
2980 : 5D;
2981 : 5D;
2982 : 5D;
2983 : 20;
2984 : 20;
2985 : 5D;
2986 : 5D;
2987 : 5D;
2988 : 5D;
2989 : 5D;
2990 : 5D;
2991 : 20;
2992 : 20;
2993 : 5D;
2994 : 5D;
2995 : 5D;
2996 : 5D;
2997 : 5D;
2998 : 5D;
2999 : 20;
3000 : 20;
3001 : 20;
3002 : 20;
3003 : 20;
3004 : 20;
3005 : 20;
3006 : 20;
3007 : 20;
3008 : 20;
3009 : 20;
3010 : 20;
3011 : 20;
3012 : 20;
3013 : 20;
3014 : 20;
3015 : 20;
3016 : 20;
3017 : 5F;
3018 : 5F;
3019 : 5F;
3020 : 5F;
3021 : 5F;
3022 : 5F;
3023 : 20;
3024 : 20;
3025 : 5F;
3026 : 5F;
3027 : 5F;
3028 : 5F;
3029 : 5F;
3030 : 5F;
3031 : 20;
3032 : 20;
3033 : 5F;
3034 : 5F;
3035 : 5F;
3036 : 5F;
3037 : 5F;
3038 : 5F;
3039 : 20;
3040 : 20;
3041 : 5F;
3042 : 5F;
3043 : 5F;
3044 : 5F;
3045 : 5F;
3046 : 5F;
3047 : 20;
3048 : 20;
3049 : 5F;
3050 : 5F;
3051 : 5F;
3052 : 5F;
3053 : 5F;
3054 : 5F;
3055 : 20;
3056 : 20;
3057 : 5F;
3058 : 5F;
3059 : 5F;
3060 : 5F;
3061 : 5F;
3062 : 5F;
3063 : 20;
3064 : 20;
3065 : 20;
3066 : 20;
3067 : 20;
3068 : 20;
3069 : 20;
3070 : 20;
3071 : 20;
3072 : 20;
3073 : 20;
3074 : 20;
3075 : 20;
3076 : 20;
3077 : 20;
3078 : 20;
3079 : 20;
3080 : 20;
3081 : 61;
3082 : 61;
3083 : 61;
3084 : 61;
3085 : 61;
3086 : 61;
3087 : 20;
3088 : 20;
3089 : 61;
3090 : 61;
3091 : 61;
3092 : 61;
3093 : 61;
3094 : 61;
3095 : 20;
3096 : 20;
3097 : 61;
3098 : 61;
3099 : 61;
3100 : 61;
3101 : 61;
3102 : 61;
3103 : 20;
3104 : 20;
3105 : 61;
3106 : 61;
3107 : 61;
3108 : 61;
3109 : 61;
3110 : 61;
3111 : 20;
3112 : 20;
3113 : 61;
3114 : 61;
3115 : 61;
3116 : 61;
3117 : 61;
3118 : 61;
3119 : 20;
3120 : 20;
3121 : 61;
3122 : 61;
3123 : 61;
3124 : 61;
3125 : 61;
3126 : 61;
3127 : 20;
3128 : 20;
3129 : 20;
3130 : 20;
3131 : 20;
3132 : 20;
3133 : 20;
3134 : 20;
3135 : 20;
3136 : 20;
3137 : 20;
3138 : 20;
3139 : 20;
3140 : 20;
3141 : 20;
3142 : 20;
3143 : 20;
3144 : 20;
3145 : 63;
3146 : 63;
3147 : 63;
3148 : 63;
3149 : 63;
3150 : 63;
3151 : 20;
3152 : 20;
3153 : 63;
3154 : 63;
3155 : 63;
3156 : 63;
3157 : 63;
3158 : 63;
3159 : 20;
3160 : 20;
3161 : 63;
3162 : 63;
3163 : 63;
3164 : 63;
3165 : 63;
3166 : 63;
3167 : 20;
3168 : 20;
3169 : 63;
3170 : 63;
3171 : 63;
3172 : 63;
3173 : 63;
3174 : 63;
3175 : 20;
3176 : 20;
3177 : 63;
3178 : 63;
3179 : 63;
3180 : 63;
3181 : 63;
3182 : 63;
3183 : 20;
3184 : 20;
3185 : 63;
3186 : 63;
3187 : 63;
3188 : 63;
3189 : 63;
3190 : 63;
3191 : 20;
3192 : 20;
3193 : 20;
3194 : 20;
3195 : 20;
3196 : 20;
3197 : 20;
3198 : 20;
3199 : 20;
3200 : 20;
3201 : 20;
3202 : 20;
3203 : 20;
3204 : 20;
3205 : 20;
3206 : 20;
3207 : 20;
3208 : 20;
3209 : 65;
3210 : 65;
3211 : 65;
3212 : 65;
3213 : 65;
3214 : 65;
3215 : 20;
3216 : 20;
3217 : 65;
3218 : 65;
3219 : 65;
3220 : 65;
3221 : 65;
3222 : 65;
3223 : 20;
3224 : 20;
3225 : 65;
3226 : 65;
3227 : 65;
3228 : 65;
3229 : 65;
3230 : 65;
3231 : 20;
3232 : 20;
3233 : 65;
3234 : 65;
3235 : 65;
3236 : 65;
3237 : 65;
3238 : 65;
3239 : 20;
3240 : 20;
3241 : 65;
3242 : 65;
3243 : 65;
3244 : 65;
3245 : 65;
3246 : 65;
3247 : 20;
3248 : 20;
3249 : 65;
3250 : 65;
3251 : 65;
3252 : 65;
3253 : 65;
3254 : 65;
3255 : 20;
3256 : 20;
3257 : 20;
3258 : 20;
3259 : 20;
3260 : 20;
3261 : 20;
3262 : 20;
3263 : 20;
3264 : 20;
3265 : 20;
3266 : 20;
3267 : 20;
3268 : 20;
3269 : 20;
3270 : 20;
3271 : 20;
3272 : 20;
3273 : 67;
3274 : 67;
3275 : 67;
3276 : 67;
3277 : 67;
3278 : 67;
3279 : 20;
3280 : 20;
3281 : 67;
3282 : 67;
3283 : 67;
3284 : 67;
3285 : 67;
3286 : 67;
3287 : 20;
3288 : 20;
3289 : 67;
3290 : 67;
3291 : 67;
3292 : 67;
3293 : 67;
3294 : 67;
3295 : 20;
3296 : 20;
3297 : 67;
3298 : 67;
3299 : 67;
3300 : 67;
3301 : 67;
3302 : 67;
3303 : 20;
3304 : 20;
3305 : 67;
3306 : 67;
3307 : 67;
3308 : 67;
3309 : 67;
3310 : 67;
3311 : 20;
3312 : 20;
3313 : 67;
3314 : 67;
3315 : 67;
3316 : 67;
3317 : 67;
3318 : 67;
3319 : 20;
3320 : 20;
3321 : 20;
3322 : 20;
3323 : 20;
3324 : 20;
3325 : 20;
3326 : 20;
3327 : 20;
3328 : 20;
3329 : 20;
3330 : 20;
3331 : 20;
3332 : 20;
3333 : 20;
3334 : 20;
3335 : 20;
3336 : 20;
3337 : 69;
3338 : 69;
3339 : 69;
3340 : 69;
3341 : 69;
3342 : 69;
3343 : 20;
3344 : 20;
3345 : 69;
3346 : 69;
3347 : 69;
3348 : 69;
3349 : 69;
3350 : 69;
3351 : 20;
3352 : 20;
3353 : 69;
3354 : 69;
3355 : 69;
3356 : 69;
3357 : 69;
3358 : 69;
3359 : 20;
3360 : 20;
3361 : 69;
3362 : 69;
3363 : 69;
3364 : 69;
3365 : 69;
3366 : 69;
3367 : 20;
3368 : 20;
3369 : 69;
3370 : 69;
3371 : 69;
3372 : 69;
3373 : 69;
3374 : 69;
3375 : 20;
3376 : 20;
3377 : 69;
3378 : 69;
3379 : 69;
3380 : 69;
3381 : 69;
3382 : 69;
3383 : 20;
3384 : 20;
3385 : 20;
3386 : 20;
3387 : 20;
3388 : 20;
3389 : 20;
3390 : 20;
3391 : 20;
3392 : 20;
3393 : 20;
3394 : 20;
3395 : 20;
3396 : 20;
3397 : 20;
3398 : 20;
3399 : 20;
3400 : 20;
3401 : 6B;
3402 : 6B;
3403 : 6B;
3404 : 6B;
3405 : 6B;
3406 : 6B;
3407 : 20;
3408 : 20;
3409 : 6B;
3410 : 6B;
3411 : 6B;
3412 : 6B;
3413 : 6B;
3414 : 6B;
3415 : 20;
3416 : 20;
3417 : 6B;
3418 : 6B;
3419 : 6B;
3420 : 6B;
3421 : 6B;
3422 : 6B;
3423 : 20;
3424 : 20;
3425 : 6B;
3426 : 6B;
3427 : 6B;
3428 : 6B;
3429 : 6B;
3430 : 6B;
3431 : 20;
3432 : 20;
3433 : 6B;
3434 : 6B;
3435 : 6B;
3436 : 6B;
3437 : 6B;
3438 : 6B;
3439 : 20;
3440 : 20;
3441 : 6B;
3442 : 6B;
3443 : 6B;
3444 : 6B;
3445 : 6B;
3446 : 6B;
3447 : 20;
3448 : 20;
3449 : 20;
3450 : 20;
3451 : 20;
3452 : 20;
3453 : 20;
3454 : 20;
3455 : 20;
3456 : 20;
3457 : 20;
3458 : 20;
3459 : 20;
3460 : 20;
3461 : 20;
3462 : 20;
3463 : 20;
3464 : 20;
3465 : 6D;
3466 : 6D;
3467 : 6D;
3468 : 6D;
3469 : 6D;
3470 : 6D;
3471 : 20;
3472 : 20;
3473 : 6D;
3474 : 6D;
3475 : 6D;
3476 : 6D;
3477 : 6D;
3478 : 6D;
3479 : 20;
3480 : 20;
3481 : 6D;
3482 : 6D;
3483 : 6D;
3484 : 6D;
3485 : 6D;
3486 : 6D;
3487 : 20;
3488 : 20;
3489 : 6D;
3490 : 6D;
3491 : 6D;
3492 : 6D;
3493 : 6D;
3494 : 6D;
3495 : 20;
3496 : 20;
3497 : 6D;
3498 : 6D;
3499 : 6D;
3500 : 6D;
3501 : 6D;
3502 : 6D;
3503 : 20;
3504 : 20;
3505 : 6D;
3506 : 6D;
3507 : 6D;
3508 : 6D;
3509 : 6D;
3510 : 6D;
3511 : 20;
3512 : 20;
3513 : 20;
3514 : 20;
3515 : 20;
3516 : 20;
3517 : 20;
3518 : 20;
3519 : 20;
3520 : 20;
3521 : 20;
3522 : 20;
3523 : 20;
3524 : 20;
3525 : 20;
3526 : 20;
3527 : 20;
3528 : 20;
3529 : 6F;
3530 : 6F;
3531 : 6F;
3532 : 6F;
3533 : 6F;
3534 : 6F;
3535 : 20;
3536 : 20;
3537 : 6F;
3538 : 6F;
3539 : 6F;
3540 : 6F;
3541 : 6F;
3542 : 6F;
3543 : 20;
3544 : 20;
3545 : 6F;
3546 : 6F;
3547 : 6F;
3548 : 6F;
3549 : 6F;
3550 : 6F;
3551 : 20;
3552 : 20;
3553 : 6F;
3554 : 6F;
3555 : 6F;
3556 : 6F;
3557 : 6F;
3558 : 6F;
3559 : 20;
3560 : 20;
3561 : 6F;
3562 : 6F;
3563 : 6F;
3564 : 6F;
3565 : 6F;
3566 : 6F;
3567 : 20;
3568 : 20;
3569 : 6F;
3570 : 6F;
3571 : 6F;
3572 : 6F;
3573 : 6F;
3574 : 6F;
3575 : 20;
3576 : 20;
3577 : 20;
3578 : 20;
3579 : 20;
3580 : 20;
3581 : 20;
3582 : 20;
3583 : 20;
3584 : 20;
3585 : 20;
3586 : 20;
3587 : 20;
3588 : 20;
3589 : 20;
3590 : 20;
3591 : 20;
3592 : 20;
3593 : 71;
3594 : 71;
3595 : 71;
3596 : 71;
3597 : 71;
3598 : 71;
3599 : 20;
3600 : 20;
3601 : 71;
3602 : 71;
3603 : 71;
3604 : 71;
3605 : 71;
3606 : 71;
3607 : 20;
3608 : 20;
3609 : 71;
3610 : 71;
3611 : 71;
3612 : 71;
3613 : 71;
3614 : 71;
3615 : 20;
3616 : 20;
3617 : 71;
3618 : 71;
3619 : 71;
3620 : 71;
3621 : 71;
3622 : 71;
3623 : 20;
3624 : 20;
3625 : 71;
3626 : 71;
3627 : 71;
3628 : 71;
3629 : 71;
3630 : 71;
3631 : 20;
3632 : 20;
3633 : 71;
3634 : 71;
3635 : 71;
3636 : 71;
3637 : 71;
3638 : 71;
3639 : 20;
3640 : 20;
3641 : 20;
3642 : 20;
3643 : 20;
3644 : 20;
3645 : 20;
3646 : 20;
3647 : 20;
3648 : 20;
3649 : 20;
3650 : 20;
3651 : 20;
3652 : 20;
3653 : 20;
3654 : 20;
3655 : 20;
3656 : 20;
3657 : 73;
3658 : 73;
3659 : 73;
3660 : 73;
3661 : 73;
3662 : 73;
3663 : 20;
3664 : 20;
3665 : 73;
3666 : 73;
3667 : 73;
3668 : 73;
3669 : 73;
3670 : 73;
3671 : 20;
3672 : 20;
3673 : 73;
3674 : 73;
3675 : 73;
3676 : 73;
3677 : 73;
3678 : 73;
3679 : 20;
3680 : 20;
3681 : 73;
3682 : 73;
3683 : 73;
3684 : 73;
3685 : 73;
3686 : 73;
3687 : 20;
3688 : 20;
3689 : 73;
3690 : 73;
3691 : 73;
3692 : 73;
3693 : 73;
3694 : 73;
3695 : 20;
3696 : 20;
3697 : 73;
3698 : 73;
3699 : 73;
3700 : 73;
3701 : 73;
3702 : 73;
3703 : 20;
3704 : 20;
3705 : 20;
3706 : 20;
3707 : 20;
3708 : 20;
3709 : 20;
3710 : 20;
3711 : 20;
3712 : 20;
3713 : 20;
3714 : 20;
3715 : 20;
3716 : 20;
3717 : 20;
3718 : 20;
3719 : 20;
3720 : 20;
3721 : 75;
3722 : 75;
3723 : 75;
3724 : 75;
3725 : 75;
3726 : 75;
3727 : 20;
3728 : 20;
3729 : 75;
3730 : 75;
3731 : 75;
3732 : 75;
3733 : 75;
3734 : 75;
3735 : 20;
3736 : 20;
3737 : 75;
3738 : 75;
3739 : 75;
3740 : 75;
3741 : 75;
3742 : 75;
3743 : 20;
3744 : 20;
3745 : 75;
3746 : 75;
3747 : 75;
3748 : 75;
3749 : 75;
3750 : 75;
3751 : 20;
3752 : 20;
3753 : 75;
3754 : 75;
3755 : 75;
3756 : 75;
3757 : 75;
3758 : 75;
3759 : 20;
3760 : 20;
3761 : 75;
3762 : 75;
3763 : 75;
3764 : 75;
3765 : 75;
3766 : 75;
3767 : 20;
3768 : 20;
3769 : 20;
3770 : 20;
3771 : 20;
3772 : 20;
3773 : 20;
3774 : 20;
3775 : 20;
3776 : 20;
3777 : 20;
3778 : 20;
3779 : 20;
3780 : 20;
3781 : 20;
3782 : 20;
3783 : 20;
3784 : 20;
3785 : 77;
3786 : 77;
3787 : 77;
3788 : 77;
3789 : 77;
3790 : 77;
3791 : 20;
3792 : 20;
3793 : 77;
3794 : 77;
3795 : 77;
3796 : 77;
3797 : 77;
3798 : 77;
3799 : 20;
3800 : 20;
3801 : 77;
3802 : 77;
3803 : 77;
3804 : 77;
3805 : 77;
3806 : 77;
3807 : 20;
3808 : 20;
3809 : 77;
3810 : 77;
3811 : 77;
3812 : 77;
3813 : 77;
3814 : 77;
3815 : 20;
3816 : 20;
3817 : 77;
3818 : 77;
3819 : 77;
3820 : 77;
3821 : 77;
3822 : 77;
3823 : 20;
3824 : 20;
3825 : 77;
3826 : 77;
3827 : 77;
3828 : 77;
3829 : 77;
3830 : 77;
3831 : 20;
3832 : 20;
3833 : 20;
3834 : 20;
3835 : 20;
3836 : 20;
3837 : 20;
3838 : 20;
3839 : 20;
3840 : 20;
3841 : 20;
3842 : 20;
3843 : 20;
3844 : 20;
3845 : 20;
3846 : 20;
3847 : 20;
3848 : 20;
3849 : 79;
3850 : 79;
3851 : 79;
3852 : 79;
3853 : 79;
3854 : 79;
3855 : 20;
3856 : 20;
3857 : 79;
3858 : 79;
3859 : 79;
3860 : 79;
3861 : 79;
3862 : 79;
3863 : 20;
3864 : 20;
3865 : 79;
3866 : 79;
3867 : 79;
3868 : 79;
3869 : 79;
3870 : 79;
3871 : 20;
3872 : 20;
3873 : 79;
3874 : 79;
3875 : 79;
3876 : 79;
3877 : 79;
3878 : 79;
3879 : 20;
3880 : 20;
3881 : 79;
3882 : 79;
3883 : 79;
3884 : 79;
3885 : 79;
3886 : 79;
3887 : 20;
3888 : 20;
3889 : 79;
3890 : 79;
3891 : 79;
3892 : 79;
3893 : 79;
3894 : 79;
3895 : 20;
3896 : 20;
3897 : 20;
3898 : 20;
3899 : 20;
3900 : 20;
3901 : 20;
3902 : 20;
3903 : 20;
3904 : 20;
3905 : 20;
3906 : 20;
3907 : 20;
3908 : 20;
3909 : 20;
3910 : 20;
3911 : 20;
3912 : 20;
3913 : 7B;
3914 : 7B;
3915 : 7B;
3916 : 7B;
3917 : 7B;
3918 : 7B;
3919 : 20;
3920 : 20;
3921 : 7B;
3922 : 7B;
3923 : 7B;
3924 : 7B;
3925 : 7B;
3926 : 7B;
3927 : 20;
3928 : 20;
3929 : 7B;
3930 : 7B;
3931 : 7B;
3932 : 7B;
3933 : 7B;
3934 : 7B;
3935 : 20;
3936 : 20;
3937 : 7B;
3938 : 7B;
3939 : 7B;
3940 : 7B;
3941 : 7B;
3942 : 7B;
3943 : 20;
3944 : 20;
3945 : 7B;
3946 : 7B;
3947 : 7B;
3948 : 7B;
3949 : 7B;
3950 : 7B;
3951 : 20;
3952 : 20;
3953 : 7B;
3954 : 7B;
3955 : 7B;
3956 : 7B;
3957 : 7B;
3958 : 7B;
3959 : 20;
3960 : 20;
3961 : 20;
3962 : 20;
3963 : 20;
3964 : 20;
3965 : 20;
3966 : 20;
3967 : 20;
3968 : 20;
3969 : 20;
3970 : 20;
3971 : 20;
3972 : 20;
3973 : 20;
3974 : 20;
3975 : 20;
3976 : 20;
3977 : 7D;
3978 : 7D;
3979 : 7D;
3980 : 7D;
3981 : 7D;
3982 : 7D;
3983 : 20;
3984 : 20;
3985 : 7D;
3986 : 7D;
3987 : 7D;
3988 : 7D;
3989 : 7D;
3990 : 7D;
3991 : 20;
3992 : 20;
3993 : 7D;
3994 : 7D;
3995 : 7D;
3996 : 7D;
3997 : 7D;
3998 : 7D;
3999 : 20;
4000 : 20;
4001 : 7D;
4002 : 7D;
4003 : 7D;
4004 : 7D;
4005 : 7D;
4006 : 7D;
4007 : 20;
4008 : 20;
4009 : 7D;
4010 : 7D;
4011 : 7D;
4012 : 7D;
4013 : 7D;
4014 : 7D;
4015 : 20;
4016 : 20;
4017 : 7D;
4018 : 7D;
4019 : 7D;
4020 : 7D;
4021 : 7D;
4022 : 7D;
4023 : 20;
4024 : 20;
4025 : 20;
4026 : 20;
4027 : 20;
4028 : 20;
4029 : 20;
4030 : 20;
4031 : 20;
4032 : 20;
4033 : 20;
4034 : 20;
4035 : 20;
4036 : 20;
4037 : 20;
4038 : 20;
4039 : 20;
4040 : 20;
4041 : 7F;
4042 : 7F;
4043 : 7F;
4044 : 7F;
4045 : 7F;
4046 : 7F;
4047 : 20;
4048 : 20;
4049 : 7F;
4050 : 7F;
4051 : 7F;
4052 : 7F;
4053 : 7F;
4054 : 7F;
4055 : 20;
4056 : 20;
4057 : 7F;
4058 : 7F;
4059 : 7F;
4060 : 7F;
4061 : 7F;
4062 : 7F;
4063 : 20;
4064 : 20;
4065 : 7F;
4066 : 7F;
4067 : 7F;
4068 : 7F;
4069 : 7F;
4070 : 7F;
4071 : 20;
4072 : 20;
4073 : 7F;
4074 : 7F;
4075 : 7F;
4076 : 7F;
4077 : 7F;
4078 : 7F;
4079 : 20;
4080 : 20;
4081 : 7F;
4082 : 7F;
4083 : 7F;
4084 : 7F;
4085 : 7F;
4086 : 7F;
4087 : 20;
4088 : 20;
4089 : 20;
4090 : 20;
4091 : 20;
4092 : 20;
4093 : 20;
4094 : 20;
4095 : 20;
4096 : 20;
4097 : 20;
4098 : 20;
4099 : 20;
4100 : 20;
4101 : 20;
4102 : 20;
4103 : 20;
4104 : 20;
4105 : 81;
4106 : 81;
4107 : 81;
4108 : 81;
4109 : 81;
4110 : 81;
4111 : 20;
4112 : 20;
4113 : 81;
4114 : 81;
4115 : 81;
4116 : 81;
4117 : 81;
4118 : 81;
4119 : 20;
4120 : 20;
4121 : 81;
4122 : 81;
4123 : 81;
4124 : 81;
4125 : 81;
4126 : 81;
4127 : 20;
4128 : 20;
4129 : 81;
4130 : 81;
4131 : 81;
4132 : 81;
4133 : 81;
4134 : 81;
4135 : 20;
4136 : 20;
4137 : 81;
4138 : 81;
4139 : 81;
4140 : 81;
4141 : 81;
4142 : 81;
4143 : 20;
4144 : 20;
4145 : 81;
4146 : 81;
4147 : 81;
4148 : 81;
4149 : 81;
4150 : 81;
4151 : 20;
4152 : 20;
4153 : 20;
4154 : 20;
4155 : 20;
4156 : 20;
4157 : 20;
4158 : 20;
4159 : 20;
4160 : 20;
4161 : 20;
4162 : 20;
4163 : 20;
4164 : 20;
4165 : 20;
4166 : 20;
4167 : 20;
4168 : 20;
4169 : 83;
4170 : 83;
4171 : 83;
4172 : 83;
4173 : 83;
4174 : 83;
4175 : 20;
4176 : 20;
4177 : 83;
4178 : 83;
4179 : 83;
4180 : 83;
4181 : 83;
4182 : 83;
4183 : 20;
4184 : 20;
4185 : 83;
4186 : 83;
4187 : 83;
4188 : 83;
4189 : 83;
4190 : 83;
4191 : 20;
4192 : 20;
4193 : 83;
4194 : 83;
4195 : 83;
4196 : 83;
4197 : 83;
4198 : 83;
4199 : 20;
4200 : 20;
4201 : 83;
4202 : 83;
4203 : 83;
4204 : 83;
4205 : 83;
4206 : 83;
4207 : 20;
4208 : 20;
4209 : 83;
4210 : 83;
4211 : 83;
4212 : 83;
4213 : 83;
4214 : 83;
4215 : 20;
4216 : 20;
4217 : 20;
4218 : 20;
4219 : 20;
4220 : 20;
4221 : 20;
4222 : 20;
4223 : 20;
4224 : 20;
4225 : 20;
4226 : 20;
4227 : 20;
4228 : 20;
4229 : 20;
4230 : 20;
4231 : 20;
4232 : 20;
4233 : 85;
4234 : 85;
4235 : 85;
4236 : 85;
4237 : 85;
4238 : 85;
4239 : 20;
4240 : 20;
4241 : 85;
4242 : 85;
4243 : 85;
4244 : 85;
4245 : 85;
4246 : 85;
4247 : 20;
4248 : 20;
4249 : 85;
4250 : 85;
4251 : 85;
4252 : 85;
4253 : 85;
4254 : 85;
4255 : 20;
4256 : 20;
4257 : 85;
4258 : 85;
4259 : 85;
4260 : 85;
4261 : 85;
4262 : 85;
4263 : 20;
4264 : 20;
4265 : 85;
4266 : 85;
4267 : 85;
4268 : 85;
4269 : 85;
4270 : 85;
4271 : 20;
4272 : 20;
4273 : 85;
4274 : 85;
4275 : 85;
4276 : 85;
4277 : 85;
4278 : 85;
4279 : 20;
4280 : 20;
4281 : 20;
4282 : 20;
4283 : 20;
4284 : 20;
4285 : 20;
4286 : 20;
4287 : 20;
4288 : 20;
4289 : 20;
4290 : 20;
4291 : 20;
4292 : 20;
4293 : 20;
4294 : 20;
4295 : 20;
4296 : 20;
4297 : 87;
4298 : 87;
4299 : 87;
4300 : 87;
4301 : 87;
4302 : 87;
4303 : 20;
4304 : 20;
4305 : 87;
4306 : 87;
4307 : 87;
4308 : 87;
4309 : 87;
4310 : 87;
4311 : 20;
4312 : 20;
4313 : 87;
4314 : 87;
4315 : 87;
4316 : 87;
4317 : 87;
4318 : 87;
4319 : 20;
4320 : 20;
4321 : 87;
4322 : 87;
4323 : 87;
4324 : 87;
4325 : 87;
4326 : 87;
4327 : 20;
4328 : 20;
4329 : 87;
4330 : 87;
4331 : 87;
4332 : 87;
4333 : 87;
4334 : 87;
4335 : 20;
4336 : 20;
4337 : 87;
4338 : 87;
4339 : 87;
4340 : 87;
4341 : 87;
4342 : 87;
4343 : 20;
4344 : 20;
4345 : 20;
4346 : 20;
4347 : 20;
4348 : 20;
4349 : 20;
4350 : 20;
4351 : 20;
4352 : 20;
4353 : 20;
4354 : 20;
4355 : 20;
4356 : 20;
4357 : 20;
4358 : 20;
4359 : 20;
4360 : 20;
4361 : 89;
4362 : 89;
4363 : 89;
4364 : 89;
4365 : 89;
4366 : 89;
4367 : 20;
4368 : 20;
4369 : 89;
4370 : 89;
4371 : 89;
4372 : 89;
4373 : 89;
4374 : 89;
4375 : 20;
4376 : 20;
4377 : 89;
4378 : 89;
4379 : 89;
4380 : 89;
4381 : 89;
4382 : 89;
4383 : 20;
4384 : 20;
4385 : 89;
4386 : 89;
4387 : 89;
4388 : 89;
4389 : 89;
4390 : 89;
4391 : 20;
4392 : 20;
4393 : 89;
4394 : 89;
4395 : 89;
4396 : 89;
4397 : 89;
4398 : 89;
4399 : 20;
4400 : 20;
4401 : 89;
4402 : 89;
4403 : 89;
4404 : 89;
4405 : 89;
4406 : 89;
4407 : 20;
4408 : 20;
4409 : 20;
4410 : 20;
4411 : 20;
4412 : 20;
4413 : 20;
4414 : 20;
4415 : 20;
4416 : 20;
4417 : 20;
4418 : 20;
4419 : 20;
4420 : 20;
4421 : 20;
4422 : 20;
4423 : 20;
4424 : 20;
4425 : 8B;
4426 : 8B;
4427 : 8B;
4428 : 8B;
4429 : 8B;
4430 : 8B;
4431 : 20;
4432 : 20;
4433 : 8B;
4434 : 8B;
4435 : 8B;
4436 : 8B;
4437 : 8B;
4438 : 8B;
4439 : 20;
4440 : 20;
4441 : 8B;
4442 : 8B;
4443 : 8B;
4444 : 8B;
4445 : 8B;
4446 : 8B;
4447 : 20;
4448 : 20;
4449 : 8B;
4450 : 8B;
4451 : 8B;
4452 : 8B;
4453 : 8B;
4454 : 8B;
4455 : 20;
4456 : 20;
4457 : 8B;
4458 : 8B;
4459 : 8B;
4460 : 8B;
4461 : 8B;
4462 : 8B;
4463 : 20;
4464 : 20;
4465 : 8B;
4466 : 8B;
4467 : 8B;
4468 : 8B;
4469 : 8B;
4470 : 8B;
4471 : 20;
4472 : 20;
4473 : 20;
4474 : 20;
4475 : 20;
4476 : 20;
4477 : 20;
4478 : 20;
4479 : 20;
4480 : 20;
4481 : 20;
4482 : 20;
4483 : 20;
4484 : 20;
4485 : 20;
4486 : 20;
4487 : 20;
4488 : 20;
4489 : 8D;
4490 : 8D;
4491 : 8D;
4492 : 8D;
4493 : 8D;
4494 : 8D;
4495 : 20;
4496 : 20;
4497 : 8D;
4498 : 8D;
4499 : 8D;
4500 : 8D;
4501 : 8D;
4502 : 8D;
4503 : 20;
4504 : 20;
4505 : 8D;
4506 : 8D;
4507 : 8D;
4508 : 8D;
4509 : 8D;
4510 : 8D;
4511 : 20;
4512 : 20;
4513 : 8D;
4514 : 8D;
4515 : 8D;
4516 : 8D;
4517 : 8D;
4518 : 8D;
4519 : 20;
4520 : 20;
4521 : 8D;
4522 : 8D;
4523 : 8D;
4524 : 8D;
4525 : 8D;
4526 : 8D;
4527 : 20;
4528 : 20;
4529 : 8D;
4530 : 8D;
4531 : 8D;
4532 : 8D;
4533 : 8D;
4534 : 8D;
4535 : 20;
4536 : 20;
4537 : 20;
4538 : 20;
4539 : 20;
4540 : 20;
4541 : 20;
4542 : 20;
4543 : 20;
4544 : 20;
4545 : 20;
4546 : 20;
4547 : 20;
4548 : 20;
4549 : 20;
4550 : 20;
4551 : 20;
4552 : 20;
4553 : 8F;
4554 : 8F;
4555 : 8F;
4556 : 8F;
4557 : 8F;
4558 : 8F;
4559 : 20;
4560 : 20;
4561 : 8F;
4562 : 8F;
4563 : 8F;
4564 : 8F;
4565 : 8F;
4566 : 8F;
4567 : 20;
4568 : 20;
4569 : 8F;
4570 : 8F;
4571 : 8F;
4572 : 8F;
4573 : 8F;
4574 : 8F;
4575 : 20;
4576 : 20;
4577 : 8F;
4578 : 8F;
4579 : 8F;
4580 : 8F;
4581 : 8F;
4582 : 8F;
4583 : 20;
4584 : 20;
4585 : 8F;
4586 : 8F;
4587 : 8F;
4588 : 8F;
4589 : 8F;
4590 : 8F;
4591 : 20;
4592 : 20;
4593 : 8F;
4594 : 8F;
4595 : 8F;
4596 : 8F;
4597 : 8F;
4598 : 8F;
4599 : 20;
4600 : 20;
4601 : 20;
4602 : 20;
4603 : 20;
4604 : 20;
4605 : 20;
4606 : 20;
4607 : 20;
4608 : 20;
4609 : 20;
4610 : 20;
4611 : 20;
4612 : 20;
4613 : 20;
4614 : 20;
4615 : 20;
4616 : 20;
4617 : 91;
4618 : 91;
4619 : 91;
4620 : 91;
4621 : 91;
4622 : 91;
4623 : 20;
4624 : 20;
4625 : 91;
4626 : 91;
4627 : 91;
4628 : 91;
4629 : 91;
4630 : 91;
4631 : 20;
4632 : 20;
4633 : 91;
4634 : 91;
4635 : 91;
4636 : 91;
4637 : 91;
4638 : 91;
4639 : 20;
4640 : 20;
4641 : 91;
4642 : 91;
4643 : 91;
4644 : 91;
4645 : 91;
4646 : 91;
4647 : 20;
4648 : 20;
4649 : 91;
4650 : 91;
4651 : 91;
4652 : 91;
4653 : 91;
4654 : 91;
4655 : 20;
4656 : 20;
4657 : 91;
4658 : 91;
4659 : 91;
4660 : 91;
4661 : 91;
4662 : 91;
4663 : 20;
4664 : 20;
4665 : 20;
4666 : 20;
4667 : 20;
4668 : 20;
4669 : 20;
4670 : 20;
4671 : 20;
4672 : 20;
4673 : 20;
4674 : 20;
4675 : 20;
4676 : 20;
4677 : 20;
4678 : 20;
4679 : 20;
4680 : 20;
4681 : 93;
4682 : 93;
4683 : 93;
4684 : 93;
4685 : 93;
4686 : 93;
4687 : 20;
4688 : 20;
4689 : 93;
4690 : 93;
4691 : 93;
4692 : 93;
4693 : 93;
4694 : 93;
4695 : 20;
4696 : 20;
4697 : 93;
4698 : 93;
4699 : 93;
4700 : 93;
4701 : 93;
4702 : 93;
4703 : 20;
4704 : 20;
4705 : 93;
4706 : 93;
4707 : 93;
4708 : 93;
4709 : 93;
4710 : 93;
4711 : 20;
4712 : 20;
4713 : 93;
4714 : 93;
4715 : 93;
4716 : 93;
4717 : 93;
4718 : 93;
4719 : 20;
4720 : 20;
4721 : 93;
4722 : 93;
4723 : 93;
4724 : 93;
4725 : 93;
4726 : 93;
4727 : 20;
4728 : 20;
4729 : 20;
4730 : 20;
4731 : 20;
4732 : 20;
4733 : 20;
4734 : 20;
4735 : 20;
4736 : 20;
4737 : 20;
4738 : 20;
4739 : 20;
4740 : 20;
4741 : 20;
4742 : 20;
4743 : 20;
4744 : 20;
4745 : 95;
4746 : 95;
4747 : 95;
4748 : 95;
4749 : 95;
4750 : 95;
4751 : 20;
4752 : 20;
4753 : 95;
4754 : 95;
4755 : 95;
4756 : 95;
4757 : 95;
4758 : 95;
4759 : 20;
4760 : 20;
4761 : 95;
4762 : 95;
4763 : 95;
4764 : 95;
4765 : 95;
4766 : 95;
4767 : 20;
4768 : 20;
4769 : 95;
4770 : 95;
4771 : 95;
4772 : 95;
4773 : 95;
4774 : 95;
4775 : 20;
4776 : 20;
4777 : 95;
4778 : 95;
4779 : 95;
4780 : 95;
4781 : 95;
4782 : 95;
4783 : 20;
4784 : 20;
4785 : 95;
4786 : 95;
4787 : 95;
4788 : 95;
4789 : 95;
4790 : 95;
4791 : 20;
4792 : 20;
4793 : 20;
4794 : 20;
4795 : 20;
4796 : 20;
4797 : 20;
4798 : 20;
4799 : 20;
4800 : 20;
4801 : 20;
4802 : 20;
4803 : 20;
4804 : 20;
4805 : 20;
4806 : 20;
4807 : 20;
4808 : 20;
4809 : 97;
4810 : 97;
4811 : 97;
4812 : 97;
4813 : 97;
4814 : 97;
4815 : 20;
4816 : 20;
4817 : 97;
4818 : 97;
4819 : 97;
4820 : 97;
4821 : 97;
4822 : 97;
4823 : 20;
4824 : 20;
4825 : 97;
4826 : 97;
4827 : 97;
4828 : 97;
4829 : 97;
4830 : 97;
4831 : 20;
4832 : 20;
4833 : 97;
4834 : 97;
4835 : 97;
4836 : 97;
4837 : 97;
4838 : 97;
4839 : 20;
4840 : 20;
4841 : 97;
4842 : 97;
4843 : 97;
4844 : 97;
4845 : 97;
4846 : 97;
4847 : 20;
4848 : 20;
4849 : 97;
4850 : 97;
4851 : 97;
4852 : 97;
4853 : 97;
4854 : 97;
4855 : 20;
4856 : 20;
4857 : 20;
4858 : 20;
4859 : 20;
4860 : 20;
4861 : 20;
4862 : 20;
4863 : 20;
4864 : 20;
4865 : 20;
4866 : 20;
4867 : 20;
4868 : 20;
4869 : 20;
4870 : 20;
4871 : 20;
4872 : 20;
4873 : 99;
4874 : 99;
4875 : 99;
4876 : 99;
4877 : 99;
4878 : 99;
4879 : 20;
4880 : 20;
4881 : 99;
4882 : 99;
4883 : 99;
4884 : 99;
4885 : 99;
4886 : 99;
4887 : 20;
4888 : 20;
4889 : 99;
4890 : 99;
4891 : 99;
4892 : 99;
4893 : 99;
4894 : 99;
4895 : 20;
4896 : 20;
4897 : 99;
4898 : 99;
4899 : 99;
4900 : 99;
4901 : 99;
4902 : 99;
4903 : 20;
4904 : 20;
4905 : 99;
4906 : 99;
4907 : 99;
4908 : 99;
4909 : 99;
4910 : 99;
4911 : 20;
4912 : 20;
4913 : 99;
4914 : 99;
4915 : 99;
4916 : 99;
4917 : 99;
4918 : 99;
4919 : 20;
4920 : 20;
4921 : 20;
4922 : 20;
4923 : 20;
4924 : 20;
4925 : 20;
4926 : 20;
4927 : 20;
4928 : 20;
4929 : 20;
4930 : 20;
4931 : 20;
4932 : 20;
4933 : 20;
4934 : 20;
4935 : 20;
4936 : 20;
4937 : 9B;
4938 : 9B;
4939 : 9B;
4940 : 9B;
4941 : 9B;
4942 : 9B;
4943 : 20;
4944 : 20;
4945 : 9B;
4946 : 9B;
4947 : 9B;
4948 : 9B;
4949 : 9B;
4950 : 9B;
4951 : 20;
4952 : 20;
4953 : 9B;
4954 : 9B;
4955 : 9B;
4956 : 9B;
4957 : 9B;
4958 : 9B;
4959 : 20;
4960 : 20;
4961 : 9B;
4962 : 9B;
4963 : 9B;
4964 : 9B;
4965 : 9B;
4966 : 9B;
4967 : 20;
4968 : 20;
4969 : 9B;
4970 : 9B;
4971 : 9B;
4972 : 9B;
4973 : 9B;
4974 : 9B;
4975 : 20;
4976 : 20;
4977 : 9B;
4978 : 9B;
4979 : 9B;
4980 : 9B;
4981 : 9B;
4982 : 9B;
4983 : 20;
4984 : 20;
4985 : 20;
4986 : 20;
4987 : 20;
4988 : 20;
4989 : 20;
4990 : 20;
4991 : 20;
4992 : 20;
4993 : 20;
4994 : 20;
4995 : 20;
4996 : 20;
4997 : 20;
4998 : 20;
4999 : 20;
5000 : 20;
5001 : 9D;
5002 : 9D;
5003 : 9D;
5004 : 9D;
5005 : 9D;
5006 : 9D;
5007 : 20;
5008 : 20;
5009 : 9D;
5010 : 9D;
5011 : 9D;
5012 : 9D;
5013 : 9D;
5014 : 9D;
5015 : 20;
5016 : 20;
5017 : 9D;
5018 : 9D;
5019 : 9D;
5020 : 9D;
5021 : 9D;
5022 : 9D;
5023 : 20;
5024 : 20;
5025 : 9D;
5026 : 9D;
5027 : 9D;
5028 : 9D;
5029 : 9D;
5030 : 9D;
5031 : 20;
5032 : 20;
5033 : 9D;
5034 : 9D;
5035 : 9D;
5036 : 9D;
5037 : 9D;
5038 : 9D;
5039 : 20;
5040 : 20;
5041 : 9D;
5042 : 9D;
5043 : 9D;
5044 : 9D;
5045 : 9D;
5046 : 9D;
5047 : 20;
5048 : 20;
5049 : 20;
5050 : 20;
5051 : 20;
5052 : 20;
5053 : 20;
5054 : 20;
5055 : 20;
5056 : 20;
5057 : 20;
5058 : 20;
5059 : 20;
5060 : 20;
5061 : 20;
5062 : 20;
5063 : 20;
5064 : 20;
5065 : 9F;
5066 : 9F;
5067 : 9F;
5068 : 9F;
5069 : 9F;
5070 : 9F;
5071 : 20;
5072 : 20;
5073 : 9F;
5074 : 9F;
5075 : 9F;
5076 : 9F;
5077 : 9F;
5078 : 9F;
5079 : 20;
5080 : 20;
5081 : 9F;
5082 : 9F;
5083 : 9F;
5084 : 9F;
5085 : 9F;
5086 : 9F;
5087 : 20;
5088 : 20;
5089 : 9F;
5090 : 9F;
5091 : 9F;
5092 : 9F;
5093 : 9F;
5094 : 9F;
5095 : 20;
5096 : 20;
5097 : 9F;
5098 : 9F;
5099 : 9F;
5100 : 9F;
5101 : 9F;
5102 : 9F;
5103 : 20;
5104 : 20;
5105 : 9F;
5106 : 9F;
5107 : 9F;
5108 : 9F;
5109 : 9F;
5110 : 9F;
5111 : 20;
5112 : 20;
5113 : 20;
5114 : 20;
5115 : 20;
5116 : 20;
5117 : 20;
5118 : 20;
5119 : 20;
5120 : 20;
5121 : 20;
5122 : 20;
5123 : 20;
5124 : 20;
5125 : 20;
5126 : 20;
5127 : 20;
5128 : 20;
5129 : A1;
5130 : A1;
5131 : A1;
5132 : A1;
5133 : A1;
5134 : A1;
5135 : 20;
5136 : 20;
5137 : A1;
5138 : A1;
5139 : A1;
5140 : A1;
5141 : A1;
5142 : A1;
5143 : 20;
5144 : 20;
5145 : A1;
5146 : A1;
5147 : A1;
5148 : A1;
5149 : A1;
5150 : A1;
5151 : 20;
5152 : 20;
5153 : A1;
5154 : A1;
5155 : A1;
5156 : A1;
5157 : A1;
5158 : A1;
5159 : 20;
5160 : 20;
5161 : A1;
5162 : A1;
5163 : A1;
5164 : A1;
5165 : A1;
5166 : A1;
5167 : 20;
5168 : 20;
5169 : A1;
5170 : A1;
5171 : A1;
5172 : A1;
5173 : A1;
5174 : A1;
5175 : 20;
5176 : 20;
5177 : 20;
5178 : 20;
5179 : 20;
5180 : 20;
5181 : 20;
5182 : 20;
5183 : 20;
5184 : 20;
5185 : 20;
5186 : 20;
5187 : 20;
5188 : 20;
5189 : 20;
5190 : 20;
5191 : 20;
5192 : 20;
5193 : A3;
5194 : A3;
5195 : A3;
5196 : A3;
5197 : A3;
5198 : A3;
5199 : 20;
5200 : 20;
5201 : A3;
5202 : A3;
5203 : A3;
5204 : A3;
5205 : A3;
5206 : A3;
5207 : 20;
5208 : 20;
5209 : A3;
5210 : A3;
5211 : A3;
5212 : A3;
5213 : A3;
5214 : A3;
5215 : 20;
5216 : 20;
5217 : A3;
5218 : A3;
5219 : A3;
5220 : A3;
5221 : A3;
5222 : A3;
5223 : 20;
5224 : 20;
5225 : A3;
5226 : A3;
5227 : A3;
5228 : A3;
5229 : A3;
5230 : A3;
5231 : 20;
5232 : 20;
5233 : A3;
5234 : A3;
5235 : A3;
5236 : A3;
5237 : A3;
5238 : A3;
5239 : 20;
5240 : 20;
5241 : 20;
5242 : 20;
5243 : 20;
5244 : 20;
5245 : 20;
5246 : 20;
5247 : 20;
5248 : 20;
5249 : 20;
5250 : 20;
5251 : 20;
5252 : 20;
5253 : 20;
5254 : 20;
5255 : 20;
5256 : 20;
5257 : A5;
5258 : A5;
5259 : A5;
5260 : A5;
5261 : A5;
5262 : A5;
5263 : 20;
5264 : 20;
5265 : A5;
5266 : A5;
5267 : A5;
5268 : A5;
5269 : A5;
5270 : A5;
5271 : 20;
5272 : 20;
5273 : A5;
5274 : A5;
5275 : A5;
5276 : A5;
5277 : A5;
5278 : A5;
5279 : 20;
5280 : 20;
5281 : A5;
5282 : A5;
5283 : A5;
5284 : A5;
5285 : A5;
5286 : A5;
5287 : 20;
5288 : 20;
5289 : A5;
5290 : A5;
5291 : A5;
5292 : A5;
5293 : A5;
5294 : A5;
5295 : 20;
5296 : 20;
5297 : A5;
5298 : A5;
5299 : A5;
5300 : A5;
5301 : A5;
5302 : A5;
5303 : 20;
5304 : 20;
5305 : 20;
5306 : 20;
5307 : 20;
5308 : 20;
5309 : 20;
5310 : 20;
5311 : 20;
5312 : 20;
5313 : 20;
5314 : 20;
5315 : 20;
5316 : 20;
5317 : 20;
5318 : 20;
5319 : 20;
5320 : 20;
5321 : A7;
5322 : A7;
5323 : A7;
5324 : A7;
5325 : A7;
5326 : A7;
5327 : 20;
5328 : 20;
5329 : A7;
5330 : A7;
5331 : A7;
5332 : A7;
5333 : A7;
5334 : A7;
5335 : 20;
5336 : 20;
5337 : A7;
5338 : A7;
5339 : A7;
5340 : A7;
5341 : A7;
5342 : A7;
5343 : 20;
5344 : 20;
5345 : A7;
5346 : A7;
5347 : A7;
5348 : A7;
5349 : A7;
5350 : A7;
5351 : 20;
5352 : 20;
5353 : A7;
5354 : A7;
5355 : A7;
5356 : A7;
5357 : A7;
5358 : A7;
5359 : 20;
5360 : 20;
5361 : A7;
5362 : A7;
5363 : A7;
5364 : A7;
5365 : A7;
5366 : A7;
5367 : 20;
5368 : 20;
5369 : 20;
5370 : 20;
5371 : 20;
5372 : 20;
5373 : 20;
5374 : 20;
5375 : 20;
5376 : 20;
5377 : 20;
5378 : 20;
5379 : 20;
5380 : 20;
5381 : 20;
5382 : 20;
5383 : 20;
5384 : 20;
5385 : A9;
5386 : A9;
5387 : A9;
5388 : A9;
5389 : A9;
5390 : A9;
5391 : 20;
5392 : 20;
5393 : A9;
5394 : A9;
5395 : A9;
5396 : A9;
5397 : A9;
5398 : A9;
5399 : 20;
5400 : 20;
5401 : A9;
5402 : A9;
5403 : A9;
5404 : A9;
5405 : A9;
5406 : A9;
5407 : 20;
5408 : 20;
5409 : A9;
5410 : A9;
5411 : A9;
5412 : A9;
5413 : A9;
5414 : A9;
5415 : 20;
5416 : 20;
5417 : A9;
5418 : A9;
5419 : A9;
5420 : A9;
5421 : A9;
5422 : A9;
5423 : 20;
5424 : 20;
5425 : A9;
5426 : A9;
5427 : A9;
5428 : A9;
5429 : A9;
5430 : A9;
5431 : 20;
5432 : 20;
5433 : 20;
5434 : 20;
5435 : 20;
5436 : 20;
5437 : 20;
5438 : 20;
5439 : 20;
5440 : 20;
5441 : 20;
5442 : 20;
5443 : 20;
5444 : 20;
5445 : 20;
5446 : 20;
5447 : 20;
5448 : 20;
5449 : AB;
5450 : AB;
5451 : AB;
5452 : AB;
5453 : AB;
5454 : AB;
5455 : 20;
5456 : 20;
5457 : AB;
5458 : AB;
5459 : AB;
5460 : AB;
5461 : AB;
5462 : AB;
5463 : 20;
5464 : 20;
5465 : AB;
5466 : AB;
5467 : AB;
5468 : AB;
5469 : AB;
5470 : AB;
5471 : 20;
5472 : 20;
5473 : AB;
5474 : AB;
5475 : AB;
5476 : AB;
5477 : AB;
5478 : AB;
5479 : 20;
5480 : 20;
5481 : AB;
5482 : AB;
5483 : AB;
5484 : AB;
5485 : AB;
5486 : AB;
5487 : 20;
5488 : 20;
5489 : AB;
5490 : AB;
5491 : AB;
5492 : AB;
5493 : AB;
5494 : AB;
5495 : 20;
5496 : 20;
5497 : 20;
5498 : 20;
5499 : 20;
5500 : 20;
5501 : 20;
5502 : 20;
5503 : 20;
5504 : 20;
5505 : 20;
5506 : 20;
5507 : 20;
5508 : 20;
5509 : 20;
5510 : 20;
5511 : 20;
5512 : 20;
5513 : AD;
5514 : AD;
5515 : AD;
5516 : AD;
5517 : AD;
5518 : AD;
5519 : 20;
5520 : 20;
5521 : AD;
5522 : AD;
5523 : AD;
5524 : AD;
5525 : AD;
5526 : AD;
5527 : 20;
5528 : 20;
5529 : AD;
5530 : AD;
5531 : AD;
5532 : AD;
5533 : AD;
5534 : AD;
5535 : 20;
5536 : 20;
5537 : AD;
5538 : AD;
5539 : AD;
5540 : AD;
5541 : AD;
5542 : AD;
5543 : 20;
5544 : 20;
5545 : AD;
5546 : AD;
5547 : AD;
5548 : AD;
5549 : AD;
5550 : AD;
5551 : 20;
5552 : 20;
5553 : AD;
5554 : AD;
5555 : AD;
5556 : AD;
5557 : AD;
5558 : AD;
5559 : 20;
5560 : 20;
5561 : 20;
5562 : 20;
5563 : 20;
5564 : 20;
5565 : 20;
5566 : 20;
5567 : 20;
5568 : 20;
5569 : 20;
5570 : 20;
5571 : 20;
5572 : 20;
5573 : 20;
5574 : 20;
5575 : 20;
5576 : 20;
5577 : AF;
5578 : AF;
5579 : AF;
5580 : AF;
5581 : AF;
5582 : AF;
5583 : 20;
5584 : 20;
5585 : AF;
5586 : AF;
5587 : AF;
5588 : AF;
5589 : AF;
5590 : AF;
5591 : 20;
5592 : 20;
5593 : AF;
5594 : AF;
5595 : AF;
5596 : AF;
5597 : AF;
5598 : AF;
5599 : 20;
5600 : 20;
5601 : AF;
5602 : AF;
5603 : AF;
5604 : AF;
5605 : AF;
5606 : AF;
5607 : 20;
5608 : 20;
5609 : AF;
5610 : AF;
5611 : AF;
5612 : AF;
5613 : AF;
5614 : AF;
5615 : 20;
5616 : 20;
5617 : AF;
5618 : AF;
5619 : AF;
5620 : AF;
5621 : AF;
5622 : AF;
5623 : 20;
5624 : 20;
5625 : 20;
5626 : 20;
5627 : 20;
5628 : 20;
5629 : 20;
5630 : 20;
5631 : 20;
5632 : 20;
5633 : 20;
5634 : 20;
5635 : 20;
5636 : 20;
5637 : 20;
5638 : 20;
5639 : 20;
5640 : 20;
5641 : B1;
5642 : B1;
5643 : B1;
5644 : B1;
5645 : B1;
5646 : B1;
5647 : 20;
5648 : 20;
5649 : B1;
5650 : B1;
5651 : B1;
5652 : B1;
5653 : B1;
5654 : B1;
5655 : 20;
5656 : 20;
5657 : B1;
5658 : B1;
5659 : B1;
5660 : B1;
5661 : B1;
5662 : B1;
5663 : 20;
5664 : 20;
5665 : B1;
5666 : B1;
5667 : B1;
5668 : B1;
5669 : B1;
5670 : B1;
5671 : 20;
5672 : 20;
5673 : B1;
5674 : B1;
5675 : B1;
5676 : B1;
5677 : B1;
5678 : B1;
5679 : 20;
5680 : 20;
5681 : B1;
5682 : B1;
5683 : B1;
5684 : B1;
5685 : B1;
5686 : B1;
5687 : 20;
5688 : 20;
5689 : 20;
5690 : 20;
5691 : 20;
5692 : 20;
5693 : 20;
5694 : 20;
5695 : 20;
5696 : 20;
5697 : 20;
5698 : 20;
5699 : 20;
5700 : 20;
5701 : 20;
5702 : 20;
5703 : 20;
5704 : 20;
5705 : B3;
5706 : B3;
5707 : B3;
5708 : B3;
5709 : B3;
5710 : B3;
5711 : 20;
5712 : 20;
5713 : B3;
5714 : B3;
5715 : B3;
5716 : B3;
5717 : B3;
5718 : B3;
5719 : 20;
5720 : 20;
5721 : B3;
5722 : B3;
5723 : B3;
5724 : B3;
5725 : B3;
5726 : B3;
5727 : 20;
5728 : 20;
5729 : B3;
5730 : B3;
5731 : B3;
5732 : B3;
5733 : B3;
5734 : B3;
5735 : 20;
5736 : 20;
5737 : B3;
5738 : B3;
5739 : B3;
5740 : B3;
5741 : B3;
5742 : B3;
5743 : 20;
5744 : 20;
5745 : B3;
5746 : B3;
5747 : B3;
5748 : B3;
5749 : B3;
5750 : B3;
5751 : 20;
5752 : 20;
5753 : 20;
5754 : 20;
5755 : 20;
5756 : 20;
5757 : 20;
5758 : 20;
5759 : 20;
5760 : 20;
5761 : 20;
5762 : 20;
5763 : 20;
5764 : 20;
5765 : 20;
5766 : 20;
5767 : 20;
5768 : 20;
5769 : B5;
5770 : B5;
5771 : B5;
5772 : B5;
5773 : B5;
5774 : B5;
5775 : 20;
5776 : 20;
5777 : B5;
5778 : B5;
5779 : B5;
5780 : B5;
5781 : B5;
5782 : B5;
5783 : 20;
5784 : 20;
5785 : B5;
5786 : B5;
5787 : B5;
5788 : B5;
5789 : B5;
5790 : B5;
5791 : 20;
5792 : 20;
5793 : B5;
5794 : B5;
5795 : B5;
5796 : B5;
5797 : B5;
5798 : B5;
5799 : 20;
5800 : 20;
5801 : B5;
5802 : B5;
5803 : B5;
5804 : B5;
5805 : B5;
5806 : B5;
5807 : 20;
5808 : 20;
5809 : B5;
5810 : B5;
5811 : B5;
5812 : B5;
5813 : B5;
5814 : B5;
5815 : 20;
5816 : 20;
5817 : 20;
5818 : 20;
5819 : 20;
5820 : 20;
5821 : 20;
5822 : 20;
5823 : 20;
5824 : 20;
5825 : 20;
5826 : 20;
5827 : 20;
5828 : 20;
5829 : 20;
5830 : 20;
5831 : 20;
5832 : 20;
5833 : B7;
5834 : B7;
5835 : B7;
5836 : B7;
5837 : B7;
5838 : B7;
5839 : 20;
5840 : 20;
5841 : B7;
5842 : B7;
5843 : B7;
5844 : B7;
5845 : B7;
5846 : B7;
5847 : 20;
5848 : 20;
5849 : B7;
5850 : B7;
5851 : B7;
5852 : B7;
5853 : B7;
5854 : B7;
5855 : 20;
5856 : 20;
5857 : B7;
5858 : B7;
5859 : B7;
5860 : B7;
5861 : B7;
5862 : B7;
5863 : 20;
5864 : 20;
5865 : B7;
5866 : B7;
5867 : B7;
5868 : B7;
5869 : B7;
5870 : B7;
5871 : 20;
5872 : 20;
5873 : B7;
5874 : B7;
5875 : B7;
5876 : B7;
5877 : B7;
5878 : B7;
5879 : 20;
5880 : 20;
5881 : 20;
5882 : 20;
5883 : 20;
5884 : 20;
5885 : 20;
5886 : 20;
5887 : 20;
5888 : 20;
5889 : 20;
5890 : 20;
5891 : 20;
5892 : 20;
5893 : 20;
5894 : 20;
5895 : 20;
5896 : 20;
5897 : B9;
5898 : B9;
5899 : B9;
5900 : B9;
5901 : B9;
5902 : B9;
5903 : 20;
5904 : 20;
5905 : B9;
5906 : B9;
5907 : B9;
5908 : B9;
5909 : B9;
5910 : B9;
5911 : 20;
5912 : 20;
5913 : B9;
5914 : B9;
5915 : B9;
5916 : B9;
5917 : B9;
5918 : B9;
5919 : 20;
5920 : 20;
5921 : B9;
5922 : B9;
5923 : B9;
5924 : B9;
5925 : B9;
5926 : B9;
5927 : 20;
5928 : 20;
5929 : B9;
5930 : B9;
5931 : B9;
5932 : B9;
5933 : B9;
5934 : B9;
5935 : 20;
5936 : 20;
5937 : B9;
5938 : B9;
5939 : B9;
5940 : B9;
5941 : B9;
5942 : B9;
5943 : 20;
5944 : 20;
5945 : 20;
5946 : 20;
5947 : 20;
5948 : 20;
5949 : 20;
5950 : 20;
5951 : 20;
5952 : 20;
5953 : 20;
5954 : 20;
5955 : 20;
5956 : 20;
5957 : 20;
5958 : 20;
5959 : 20;
5960 : 20;
5961 : BB;
5962 : BB;
5963 : BB;
5964 : BB;
5965 : BB;
5966 : BB;
5967 : 20;
5968 : 20;
5969 : BB;
5970 : BB;
5971 : BB;
5972 : BB;
5973 : BB;
5974 : BB;
5975 : 20;
5976 : 20;
5977 : BB;
5978 : BB;
5979 : BB;
5980 : BB;
5981 : BB;
5982 : BB;
5983 : 20;
5984 : 20;
5985 : BB;
5986 : BB;
5987 : BB;
5988 : BB;
5989 : BB;
5990 : BB;
5991 : 20;
5992 : 20;
5993 : BB;
5994 : BB;
5995 : BB;
5996 : BB;
5997 : BB;
5998 : BB;
5999 : 20;
6000 : 20;
6001 : BB;
6002 : BB;
6003 : BB;
6004 : BB;
6005 : BB;
6006 : BB;
6007 : 20;
6008 : 20;
6009 : 20;
6010 : 20;
6011 : 20;
6012 : 20;
6013 : 20;
6014 : 20;
6015 : 20;
6016 : 20;
6017 : 20;
6018 : 20;
6019 : 20;
6020 : 20;
6021 : 20;
6022 : 20;
6023 : 20;
6024 : 20;
6025 : BD;
6026 : BD;
6027 : BD;
6028 : BD;
6029 : BD;
6030 : BD;
6031 : 20;
6032 : 20;
6033 : BD;
6034 : BD;
6035 : BD;
6036 : BD;
6037 : BD;
6038 : BD;
6039 : 20;
6040 : 20;
6041 : BD;
6042 : BD;
6043 : BD;
6044 : BD;
6045 : BD;
6046 : BD;
6047 : 20;
6048 : 20;
6049 : BD;
6050 : BD;
6051 : BD;
6052 : BD;
6053 : BD;
6054 : BD;
6055 : 20;
6056 : 20;
6057 : BD;
6058 : BD;
6059 : BD;
6060 : BD;
6061 : BD;
6062 : BD;
6063 : 20;
6064 : 20;
6065 : BD;
6066 : BD;
6067 : BD;
6068 : BD;
6069 : BD;
6070 : BD;
6071 : 20;
6072 : 20;
6073 : 20;
6074 : 20;
6075 : 20;
6076 : 20;
6077 : 20;
6078 : 20;
6079 : 20;
6080 : 20;
6081 : 20;
6082 : 20;
6083 : 20;
6084 : 20;
6085 : 20;
6086 : 20;
6087 : 20;
6088 : 20;
6089 : BF;
6090 : BF;
6091 : BF;
6092 : BF;
6093 : BF;
6094 : BF;
6095 : 20;
6096 : 20;
6097 : BF;
6098 : BF;
6099 : BF;
6100 : BF;
6101 : BF;
6102 : BF;
6103 : 20;
6104 : 20;
6105 : BF;
6106 : BF;
6107 : BF;
6108 : BF;
6109 : BF;
6110 : BF;
6111 : 20;
6112 : 20;
6113 : BF;
6114 : BF;
6115 : BF;
6116 : BF;
6117 : BF;
6118 : BF;
6119 : 20;
6120 : 20;
6121 : BF;
6122 : BF;
6123 : BF;
6124 : BF;
6125 : BF;
6126 : BF;
6127 : 20;
6128 : 20;
6129 : BF;
6130 : BF;
6131 : BF;
6132 : BF;
6133 : BF;
6134 : BF;
6135 : 20;
6136 : 20;
6137 : 20;
6138 : 20;
6139 : 20;
6140 : 20;
6141 : 20;
6142 : 20;
6143 : 20;
6144 : 20;
6145 : 20;
6146 : 20;
6147 : 20;
6148 : 20;
6149 : 20;
6150 : 20;
6151 : 20;
6152 : 20;
6153 : C1;
6154 : C1;
6155 : C1;
6156 : C1;
6157 : C1;
6158 : C1;
6159 : 20;
6160 : 20;
6161 : C1;
6162 : C1;
6163 : C1;
6164 : C1;
6165 : C1;
6166 : C1;
6167 : 20;
6168 : 20;
6169 : C1;
6170 : C1;
6171 : C1;
6172 : C1;
6173 : C1;
6174 : C1;
6175 : 20;
6176 : 20;
6177 : C1;
6178 : C1;
6179 : C1;
6180 : C1;
6181 : C1;
6182 : C1;
6183 : 20;
6184 : 20;
6185 : C1;
6186 : C1;
6187 : C1;
6188 : C1;
6189 : C1;
6190 : C1;
6191 : 20;
6192 : 20;
6193 : C1;
6194 : C1;
6195 : C1;
6196 : C1;
6197 : C1;
6198 : C1;
6199 : 20;
6200 : 20;
6201 : 20;
6202 : 20;
6203 : 20;
6204 : 20;
6205 : 20;
6206 : 20;
6207 : 20;
6208 : 20;
6209 : 20;
6210 : 20;
6211 : 20;
6212 : 20;
6213 : 20;
6214 : 20;
6215 : 20;
6216 : 20;
6217 : C3;
6218 : C3;
6219 : C3;
6220 : C3;
6221 : C3;
6222 : C3;
6223 : 20;
6224 : 20;
6225 : C3;
6226 : C3;
6227 : C3;
6228 : C3;
6229 : C3;
6230 : C3;
6231 : 20;
6232 : 20;
6233 : C3;
6234 : C3;
6235 : C3;
6236 : C3;
6237 : C3;
6238 : C3;
6239 : 20;
6240 : 20;
6241 : C3;
6242 : C3;
6243 : C3;
6244 : C3;
6245 : C3;
6246 : C3;
6247 : 20;
6248 : 20;
6249 : C3;
6250 : C3;
6251 : C3;
6252 : C3;
6253 : C3;
6254 : C3;
6255 : 20;
6256 : 20;
6257 : C3;
6258 : C3;
6259 : C3;
6260 : C3;
6261 : C3;
6262 : C3;
6263 : 20;
6264 : 20;
6265 : 20;
6266 : 20;
6267 : 20;
6268 : 20;
6269 : 20;
6270 : 20;
6271 : 20;
6272 : 20;
6273 : 20;
6274 : 20;
6275 : 20;
6276 : 20;
6277 : 20;
6278 : 20;
6279 : 20;
6280 : 20;
6281 : C5;
6282 : C5;
6283 : C5;
6284 : C5;
6285 : C5;
6286 : C5;
6287 : 20;
6288 : 20;
6289 : C5;
6290 : C5;
6291 : C5;
6292 : C5;
6293 : C5;
6294 : C5;
6295 : 20;
6296 : 20;
6297 : C5;
6298 : C5;
6299 : C5;
6300 : C5;
6301 : C5;
6302 : C5;
6303 : 20;
6304 : 20;
6305 : C5;
6306 : C5;
6307 : C5;
6308 : C5;
6309 : C5;
6310 : C5;
6311 : 20;
6312 : 20;
6313 : C5;
6314 : C5;
6315 : C5;
6316 : C5;
6317 : C5;
6318 : C5;
6319 : 20;
6320 : 20;
6321 : C5;
6322 : C5;
6323 : C5;
6324 : C5;
6325 : C5;
6326 : C5;
6327 : 20;
6328 : 20;
6329 : 20;
6330 : 20;
6331 : 20;
6332 : 20;
6333 : 20;
6334 : 20;
6335 : 20;
6336 : 20;
6337 : 20;
6338 : 20;
6339 : 20;
6340 : 20;
6341 : 20;
6342 : 20;
6343 : 20;
6344 : 20;
6345 : C7;
6346 : C7;
6347 : C7;
6348 : C7;
6349 : C7;
6350 : C7;
6351 : 20;
6352 : 20;
6353 : C7;
6354 : C7;
6355 : C7;
6356 : C7;
6357 : C7;
6358 : C7;
6359 : 20;
6360 : 20;
6361 : C7;
6362 : C7;
6363 : C7;
6364 : C7;
6365 : C7;
6366 : C7;
6367 : 20;
6368 : 20;
6369 : C7;
6370 : C7;
6371 : C7;
6372 : C7;
6373 : C7;
6374 : C7;
6375 : 20;
6376 : 20;
6377 : C7;
6378 : C7;
6379 : C7;
6380 : C7;
6381 : C7;
6382 : C7;
6383 : 20;
6384 : 20;
6385 : C7;
6386 : C7;
6387 : C7;
6388 : C7;
6389 : C7;
6390 : C7;
6391 : 20;
6392 : 20;
6393 : 20;
6394 : 20;
6395 : 20;
6396 : 20;
6397 : 20;
6398 : 20;
6399 : 20;
6400 : 20;
6401 : 20;
6402 : 20;
6403 : 20;
6404 : 20;
6405 : 20;
6406 : 20;
6407 : 20;
6408 : 20;
6409 : C9;
6410 : C9;
6411 : C9;
6412 : C9;
6413 : C9;
6414 : C9;
6415 : 20;
6416 : 20;
6417 : C9;
6418 : C9;
6419 : C9;
6420 : C9;
6421 : C9;
6422 : C9;
6423 : 20;
6424 : 20;
6425 : C9;
6426 : C9;
6427 : C9;
6428 : C9;
6429 : C9;
6430 : C9;
6431 : 20;
6432 : 20;
6433 : C9;
6434 : C9;
6435 : C9;
6436 : C9;
6437 : C9;
6438 : C9;
6439 : 20;
6440 : 20;
6441 : C9;
6442 : C9;
6443 : C9;
6444 : C9;
6445 : C9;
6446 : C9;
6447 : 20;
6448 : 20;
6449 : C9;
6450 : C9;
6451 : C9;
6452 : C9;
6453 : C9;
6454 : C9;
6455 : 20;
6456 : 20;
6457 : 20;
6458 : 20;
6459 : 20;
6460 : 20;
6461 : 20;
6462 : 20;
6463 : 20;
6464 : 20;
6465 : 20;
6466 : 20;
6467 : 20;
6468 : 20;
6469 : 20;
6470 : 20;
6471 : 20;
6472 : 20;
6473 : CB;
6474 : CB;
6475 : CB;
6476 : CB;
6477 : CB;
6478 : CB;
6479 : 20;
6480 : 20;
6481 : CB;
6482 : CB;
6483 : CB;
6484 : CB;
6485 : CB;
6486 : CB;
6487 : 20;
6488 : 20;
6489 : CB;
6490 : CB;
6491 : CB;
6492 : CB;
6493 : CB;
6494 : CB;
6495 : 20;
6496 : 20;
6497 : CB;
6498 : CB;
6499 : CB;
6500 : CB;
6501 : CB;
6502 : CB;
6503 : 20;
6504 : 20;
6505 : CB;
6506 : CB;
6507 : CB;
6508 : CB;
6509 : CB;
6510 : CB;
6511 : 20;
6512 : 20;
6513 : CB;
6514 : CB;
6515 : CB;
6516 : CB;
6517 : CB;
6518 : CB;
6519 : 20;
6520 : 20;
6521 : 20;
6522 : 20;
6523 : 20;
6524 : 20;
6525 : 20;
6526 : 20;
6527 : 20;
6528 : 20;
6529 : 20;
6530 : 20;
6531 : 20;
6532 : 20;
6533 : 20;
6534 : 20;
6535 : 20;
6536 : 20;
6537 : CD;
6538 : CD;
6539 : CD;
6540 : CD;
6541 : CD;
6542 : CD;
6543 : 20;
6544 : 20;
6545 : CD;
6546 : CD;
6547 : CD;
6548 : CD;
6549 : CD;
6550 : CD;
6551 : 20;
6552 : 20;
6553 : CD;
6554 : CD;
6555 : CD;
6556 : CD;
6557 : CD;
6558 : CD;
6559 : 20;
6560 : 20;
6561 : CD;
6562 : CD;
6563 : CD;
6564 : CD;
6565 : CD;
6566 : CD;
6567 : 20;
6568 : 20;
6569 : CD;
6570 : CD;
6571 : CD;
6572 : CD;
6573 : CD;
6574 : CD;
6575 : 20;
6576 : 20;
6577 : CD;
6578 : CD;
6579 : CD;
6580 : CD;
6581 : CD;
6582 : CD;
6583 : 20;
6584 : 20;
6585 : 20;
6586 : 20;
6587 : 20;
6588 : 20;
6589 : 20;
6590 : 20;
6591 : 20;
6592 : 20;
6593 : 20;
6594 : 20;
6595 : 20;
6596 : 20;
6597 : 20;
6598 : 20;
6599 : 20;
6600 : 20;
6601 : CF;
6602 : CF;
6603 : CF;
6604 : CF;
6605 : CF;
6606 : CF;
6607 : 20;
6608 : 20;
6609 : CF;
6610 : CF;
6611 : CF;
6612 : CF;
6613 : CF;
6614 : CF;
6615 : 20;
6616 : 20;
6617 : CF;
6618 : CF;
6619 : CF;
6620 : CF;
6621 : CF;
6622 : CF;
6623 : 20;
6624 : 20;
6625 : CF;
6626 : CF;
6627 : CF;
6628 : CF;
6629 : CF;
6630 : CF;
6631 : 20;
6632 : 20;
6633 : CF;
6634 : CF;
6635 : CF;
6636 : CF;
6637 : CF;
6638 : CF;
6639 : 20;
6640 : 20;
6641 : CF;
6642 : CF;
6643 : CF;
6644 : CF;
6645 : CF;
6646 : CF;
6647 : 20;
6648 : 20;
6649 : 20;
6650 : 20;
6651 : 20;
6652 : 20;
6653 : 20;
6654 : 20;
6655 : 20;
6656 : 20;
6657 : 20;
6658 : 20;
6659 : 20;
6660 : 20;
6661 : 20;
6662 : 20;
6663 : 20;
6664 : 20;
6665 : D1;
6666 : D1;
6667 : D1;
6668 : D1;
6669 : D1;
6670 : D1;
6671 : 20;
6672 : 20;
6673 : D1;
6674 : D1;
6675 : D1;
6676 : D1;
6677 : D1;
6678 : D1;
6679 : 20;
6680 : 20;
6681 : D1;
6682 : D1;
6683 : D1;
6684 : D1;
6685 : D1;
6686 : D1;
6687 : 20;
6688 : 20;
6689 : D1;
6690 : D1;
6691 : D1;
6692 : D1;
6693 : D1;
6694 : D1;
6695 : 20;
6696 : 20;
6697 : D1;
6698 : D1;
6699 : D1;
6700 : D1;
6701 : D1;
6702 : D1;
6703 : 20;
6704 : 20;
6705 : D1;
6706 : D1;
6707 : D1;
6708 : D1;
6709 : D1;
6710 : D1;
6711 : 20;
6712 : 20;
6713 : 20;
6714 : 20;
6715 : 20;
6716 : 20;
6717 : 20;
6718 : 20;
6719 : 20;
6720 : 20;
6721 : 20;
6722 : 20;
6723 : 20;
6724 : 20;
6725 : 20;
6726 : 20;
6727 : 20;
6728 : 20;
6729 : D3;
6730 : D3;
6731 : D3;
6732 : D3;
6733 : D3;
6734 : D3;
6735 : 20;
6736 : 20;
6737 : D3;
6738 : D3;
6739 : D3;
6740 : D3;
6741 : D3;
6742 : D3;
6743 : 20;
6744 : 20;
6745 : D3;
6746 : D3;
6747 : D3;
6748 : D3;
6749 : D3;
6750 : D3;
6751 : 20;
6752 : 20;
6753 : D3;
6754 : D3;
6755 : D3;
6756 : D3;
6757 : D3;
6758 : D3;
6759 : 20;
6760 : 20;
6761 : D3;
6762 : D3;
6763 : D3;
6764 : D3;
6765 : D3;
6766 : D3;
6767 : 20;
6768 : 20;
6769 : D3;
6770 : D3;
6771 : D3;
6772 : D3;
6773 : D3;
6774 : D3;
6775 : 20;
6776 : 20;
6777 : 20;
6778 : 20;
6779 : 20;
6780 : 20;
6781 : 20;
6782 : 20;
6783 : 20;
6784 : 20;
6785 : 20;
6786 : 20;
6787 : 20;
6788 : 20;
6789 : 20;
6790 : 20;
6791 : 20;
6792 : 20;
6793 : D5;
6794 : D5;
6795 : D5;
6796 : D5;
6797 : D5;
6798 : D5;
6799 : 20;
6800 : 20;
6801 : D5;
6802 : D5;
6803 : D5;
6804 : D5;
6805 : D5;
6806 : D5;
6807 : 20;
6808 : 20;
6809 : D5;
6810 : D5;
6811 : D5;
6812 : D5;
6813 : D5;
6814 : D5;
6815 : 20;
6816 : 20;
6817 : D5;
6818 : D5;
6819 : D5;
6820 : D5;
6821 : D5;
6822 : D5;
6823 : 20;
6824 : 20;
6825 : D5;
6826 : D5;
6827 : D5;
6828 : D5;
6829 : D5;
6830 : D5;
6831 : 20;
6832 : 20;
6833 : D5;
6834 : D5;
6835 : D5;
6836 : D5;
6837 : D5;
6838 : D5;
6839 : 20;
6840 : 20;
6841 : 20;
6842 : 20;
6843 : 20;
6844 : 20;
6845 : 20;
6846 : 20;
6847 : 20;
6848 : 20;
6849 : 20;
6850 : 20;
6851 : 20;
6852 : 20;
6853 : 20;
6854 : 20;
6855 : 20;
6856 : 20;
6857 : D7;
6858 : D7;
6859 : D7;
6860 : D7;
6861 : D7;
6862 : D7;
6863 : 20;
6864 : 20;
6865 : D7;
6866 : D7;
6867 : D7;
6868 : D7;
6869 : D7;
6870 : D7;
6871 : 20;
6872 : 20;
6873 : D7;
6874 : D7;
6875 : D7;
6876 : D7;
6877 : D7;
6878 : D7;
6879 : 20;
6880 : 20;
6881 : D7;
6882 : D7;
6883 : D7;
6884 : D7;
6885 : D7;
6886 : D7;
6887 : 20;
6888 : 20;
6889 : D7;
6890 : D7;
6891 : D7;
6892 : D7;
6893 : D7;
6894 : D7;
6895 : 20;
6896 : 20;
6897 : D7;
6898 : D7;
6899 : D7;
6900 : D7;
6901 : D7;
6902 : D7;
6903 : 20;
6904 : 20;
6905 : 20;
6906 : 20;
6907 : 20;
6908 : 20;
6909 : 20;
6910 : 20;
6911 : 20;
6912 : 20;
6913 : 20;
6914 : 20;
6915 : 20;
6916 : 20;
6917 : 20;
6918 : 20;
6919 : 20;
6920 : 20;
6921 : D9;
6922 : D9;
6923 : D9;
6924 : D9;
6925 : D9;
6926 : D9;
6927 : 20;
6928 : 20;
6929 : D9;
6930 : D9;
6931 : D9;
6932 : D9;
6933 : D9;
6934 : D9;
6935 : 20;
6936 : 20;
6937 : D9;
6938 : D9;
6939 : D9;
6940 : D9;
6941 : D9;
6942 : D9;
6943 : 20;
6944 : 20;
6945 : D9;
6946 : D9;
6947 : D9;
6948 : D9;
6949 : D9;
6950 : D9;
6951 : 20;
6952 : 20;
6953 : D9;
6954 : D9;
6955 : D9;
6956 : D9;
6957 : D9;
6958 : D9;
6959 : 20;
6960 : 20;
6961 : D9;
6962 : D9;
6963 : D9;
6964 : D9;
6965 : D9;
6966 : D9;
6967 : 20;
6968 : 20;
6969 : 20;
6970 : 20;
6971 : 20;
6972 : 20;
6973 : 20;
6974 : 20;
6975 : 20;
6976 : 20;
6977 : 20;
6978 : 20;
6979 : 20;
6980 : 20;
6981 : 20;
6982 : 20;
6983 : 20;
6984 : 20;
6985 : DB;
6986 : DB;
6987 : DB;
6988 : DB;
6989 : DB;
6990 : DB;
6991 : 20;
6992 : 20;
6993 : DB;
6994 : DB;
6995 : DB;
6996 : DB;
6997 : DB;
6998 : DB;
6999 : 20;
7000 : 20;
7001 : DB;
7002 : DB;
7003 : DB;
7004 : DB;
7005 : DB;
7006 : DB;
7007 : 20;
7008 : 20;
7009 : DB;
7010 : DB;
7011 : DB;
7012 : DB;
7013 : DB;
7014 : DB;
7015 : 20;
7016 : 20;
7017 : DB;
7018 : DB;
7019 : DB;
7020 : DB;
7021 : DB;
7022 : DB;
7023 : 20;
7024 : 20;
7025 : DB;
7026 : DB;
7027 : DB;
7028 : DB;
7029 : DB;
7030 : DB;
7031 : 20;
7032 : 20;
7033 : 20;
7034 : 20;
7035 : 20;
7036 : 20;
7037 : 20;
7038 : 20;
7039 : 20;
7040 : 20;
7041 : 20;
7042 : 20;
7043 : 20;
7044 : 20;
7045 : 20;
7046 : 20;
7047 : 20;
7048 : 20;
7049 : DD;
7050 : DD;
7051 : DD;
7052 : DD;
7053 : DD;
7054 : DD;
7055 : 20;
7056 : 20;
7057 : DD;
7058 : DD;
7059 : DD;
7060 : DD;
7061 : DD;
7062 : DD;
7063 : 20;
7064 : 20;
7065 : DD;
7066 : DD;
7067 : DD;
7068 : DD;
7069 : DD;
7070 : DD;
7071 : 20;
7072 : 20;
7073 : DD;
7074 : DD;
7075 : DD;
7076 : DD;
7077 : DD;
7078 : DD;
7079 : 20;
7080 : 20;
7081 : DD;
7082 : DD;
7083 : DD;
7084 : DD;
7085 : DD;
7086 : DD;
7087 : 20;
7088 : 20;
7089 : DD;
7090 : DD;
7091 : DD;
7092 : DD;
7093 : DD;
7094 : DD;
7095 : 20;
7096 : 20;
7097 : 20;
7098 : 20;
7099 : 20;
7100 : 20;
7101 : 20;
7102 : 20;
7103 : 20;
7104 : 20;
7105 : 20;
7106 : 20;
7107 : 20;
7108 : 20;
7109 : 20;
7110 : 20;
7111 : 20;
7112 : 20;
7113 : DF;
7114 : DF;
7115 : DF;
7116 : DF;
7117 : DF;
7118 : DF;
7119 : 20;
7120 : 20;
7121 : DF;
7122 : DF;
7123 : DF;
7124 : DF;
7125 : DF;
7126 : DF;
7127 : 20;
7128 : 20;
7129 : DF;
7130 : DF;
7131 : DF;
7132 : DF;
7133 : DF;
7134 : DF;
7135 : 20;
7136 : 20;
7137 : DF;
7138 : DF;
7139 : DF;
7140 : DF;
7141 : DF;
7142 : DF;
7143 : 20;
7144 : 20;
7145 : DF;
7146 : DF;
7147 : DF;
7148 : DF;
7149 : DF;
7150 : DF;
7151 : 20;
7152 : 20;
7153 : DF;
7154 : DF;
7155 : DF;
7156 : DF;
7157 : DF;
7158 : DF;
7159 : 20;
7160 : 20;
7161 : 20;
7162 : 20;
7163 : 20;
7164 : 20;
7165 : 20;
7166 : 20;
7167 : 20;
7168 : 20;
7169 : 20;
7170 : 20;
7171 : 20;
7172 : 20;
7173 : 20;
7174 : 20;
7175 : 20;
7176 : 20;
7177 : E1;
7178 : E1;
7179 : E1;
7180 : E1;
7181 : E1;
7182 : E1;
7183 : 20;
7184 : 20;
7185 : E1;
7186 : E1;
7187 : E1;
7188 : E1;
7189 : E1;
7190 : E1;
7191 : 20;
7192 : 20;
7193 : E1;
7194 : E1;
7195 : E1;
7196 : E1;
7197 : E1;
7198 : E1;
7199 : 20;
7200 : 20;
7201 : E1;
7202 : E1;
7203 : E1;
7204 : E1;
7205 : E1;
7206 : E1;
7207 : 20;
7208 : 20;
7209 : E1;
7210 : E1;
7211 : E1;
7212 : E1;
7213 : E1;
7214 : E1;
7215 : 20;
7216 : 20;
7217 : E1;
7218 : E1;
7219 : E1;
7220 : E1;
7221 : E1;
7222 : E1;
7223 : 20;
7224 : 20;
7225 : 20;
7226 : 20;
7227 : 20;
7228 : 20;
7229 : 20;
7230 : 20;
7231 : 20;
7232 : 20;
7233 : 20;
7234 : 20;
7235 : 20;
7236 : 20;
7237 : 20;
7238 : 20;
7239 : 20;
7240 : 20;
7241 : E3;
7242 : E3;
7243 : E3;
7244 : E3;
7245 : E3;
7246 : E3;
7247 : 20;
7248 : 20;
7249 : E3;
7250 : E3;
7251 : E3;
7252 : E3;
7253 : E3;
7254 : E3;
7255 : 20;
7256 : 20;
7257 : E3;
7258 : E3;
7259 : E3;
7260 : E3;
7261 : E3;
7262 : E3;
7263 : 20;
7264 : 20;
7265 : E3;
7266 : E3;
7267 : E3;
7268 : E3;
7269 : E3;
7270 : E3;
7271 : 20;
7272 : 20;
7273 : E3;
7274 : E3;
7275 : E3;
7276 : E3;
7277 : E3;
7278 : E3;
7279 : 20;
7280 : 20;
7281 : E3;
7282 : E3;
7283 : E3;
7284 : E3;
7285 : E3;
7286 : E3;
7287 : 20;
7288 : 20;
7289 : 20;
7290 : 20;
7291 : 20;
7292 : 20;
7293 : 20;
7294 : 20;
7295 : 20;
7296 : 20;
7297 : 20;
7298 : 20;
7299 : 20;
7300 : 20;
7301 : 20;
7302 : 20;
7303 : 20;
7304 : 20;
7305 : E5;
7306 : E5;
7307 : E5;
7308 : E5;
7309 : E5;
7310 : E5;
7311 : 20;
7312 : 20;
7313 : E5;
7314 : E5;
7315 : E5;
7316 : E5;
7317 : E5;
7318 : E5;
7319 : 20;
7320 : 20;
7321 : E5;
7322 : E5;
7323 : E5;
7324 : E5;
7325 : E5;
7326 : E5;
7327 : 20;
7328 : 20;
7329 : E5;
7330 : E5;
7331 : E5;
7332 : E5;
7333 : E5;
7334 : E5;
7335 : 20;
7336 : 20;
7337 : E5;
7338 : E5;
7339 : E5;
7340 : E5;
7341 : E5;
7342 : E5;
7343 : 20;
7344 : 20;
7345 : E5;
7346 : E5;
7347 : E5;
7348 : E5;
7349 : E5;
7350 : E5;
7351 : 20;
7352 : 20;
7353 : 20;
7354 : 20;
7355 : 20;
7356 : 20;
7357 : 20;
7358 : 20;
7359 : 20;
7360 : 20;
7361 : 20;
7362 : 20;
7363 : 20;
7364 : 20;
7365 : 20;
7366 : 20;
7367 : 20;
7368 : 20;
7369 : E7;
7370 : E7;
7371 : E7;
7372 : E7;
7373 : E7;
7374 : E7;
7375 : 20;
7376 : 20;
7377 : E7;
7378 : E7;
7379 : E7;
7380 : E7;
7381 : E7;
7382 : E7;
7383 : 20;
7384 : 20;
7385 : E7;
7386 : E7;
7387 : E7;
7388 : E7;
7389 : E7;
7390 : E7;
7391 : 20;
7392 : 20;
7393 : E7;
7394 : E7;
7395 : E7;
7396 : E7;
7397 : E7;
7398 : E7;
7399 : 20;
7400 : 20;
7401 : E7;
7402 : E7;
7403 : E7;
7404 : E7;
7405 : E7;
7406 : E7;
7407 : 20;
7408 : 20;
7409 : E7;
7410 : E7;
7411 : E7;
7412 : E7;
7413 : E7;
7414 : E7;
7415 : 20;
7416 : 20;
7417 : 20;
7418 : 20;
7419 : 20;
7420 : 20;
7421 : 20;
7422 : 20;
7423 : 20;
7424 : 20;
7425 : 20;
7426 : 20;
7427 : 20;
7428 : 20;
7429 : 20;
7430 : 20;
7431 : 20;
7432 : 20;
7433 : E9;
7434 : E9;
7435 : E9;
7436 : E9;
7437 : E9;
7438 : E9;
7439 : 20;
7440 : 20;
7441 : E9;
7442 : E9;
7443 : E9;
7444 : E9;
7445 : E9;
7446 : E9;
7447 : 20;
7448 : 20;
7449 : E9;
7450 : E9;
7451 : E9;
7452 : E9;
7453 : E9;
7454 : E9;
7455 : 20;
7456 : 20;
7457 : E9;
7458 : E9;
7459 : E9;
7460 : E9;
7461 : E9;
7462 : E9;
7463 : 20;
7464 : 20;
7465 : E9;
7466 : E9;
7467 : E9;
7468 : E9;
7469 : E9;
7470 : E9;
7471 : 20;
7472 : 20;
7473 : E9;
7474 : E9;
7475 : E9;
7476 : E9;
7477 : E9;
7478 : E9;
7479 : 20;
7480 : 20;
7481 : 20;
7482 : 20;
7483 : 20;
7484 : 20;
7485 : 20;
7486 : 20;
7487 : 20;
7488 : 20;
7489 : 20;
7490 : 20;
7491 : 20;
7492 : 20;
7493 : 20;
7494 : 20;
7495 : 20;
7496 : 20;
7497 : EB;
7498 : EB;
7499 : EB;
7500 : EB;
7501 : EB;
7502 : EB;
7503 : 20;
7504 : 20;
7505 : EB;
7506 : EB;
7507 : EB;
7508 : EB;
7509 : EB;
7510 : EB;
7511 : 20;
7512 : 20;
7513 : EB;
7514 : EB;
7515 : EB;
7516 : EB;
7517 : EB;
7518 : EB;
7519 : 20;
7520 : 20;
7521 : EB;
7522 : EB;
7523 : EB;
7524 : EB;
7525 : EB;
7526 : EB;
7527 : 20;
7528 : 20;
7529 : EB;
7530 : EB;
7531 : EB;
7532 : EB;
7533 : EB;
7534 : EB;
7535 : 20;
7536 : 20;
7537 : EB;
7538 : EB;
7539 : EB;
7540 : EB;
7541 : EB;
7542 : EB;
7543 : 20;
7544 : 20;
7545 : 20;
7546 : 20;
7547 : 20;
7548 : 20;
7549 : 20;
7550 : 20;
7551 : 20;
7552 : 20;
7553 : 20;
7554 : 20;
7555 : 20;
7556 : 20;
7557 : 20;
7558 : 20;
7559 : 20;
7560 : 20;
7561 : ED;
7562 : ED;
7563 : ED;
7564 : ED;
7565 : ED;
7566 : ED;
7567 : 20;
7568 : 20;
7569 : ED;
7570 : ED;
7571 : ED;
7572 : ED;
7573 : ED;
7574 : ED;
7575 : 20;
7576 : 20;
7577 : ED;
7578 : ED;
7579 : ED;
7580 : ED;
7581 : ED;
7582 : ED;
7583 : 20;
7584 : 20;
7585 : ED;
7586 : ED;
7587 : ED;
7588 : ED;
7589 : ED;
7590 : ED;
7591 : 20;
7592 : 20;
7593 : ED;
7594 : ED;
7595 : ED;
7596 : ED;
7597 : ED;
7598 : ED;
7599 : 20;
7600 : 20;
7601 : ED;
7602 : ED;
7603 : ED;
7604 : ED;
7605 : ED;
7606 : ED;
7607 : 20;
7608 : 20;
7609 : 20;
7610 : 20;
7611 : 20;
7612 : 20;
7613 : 20;
7614 : 20;
7615 : 20;
7616 : 20;
7617 : 20;
7618 : 20;
7619 : 20;
7620 : 20;
7621 : 20;
7622 : 20;
7623 : 20;
7624 : 20;
7625 : EF;
7626 : EF;
7627 : EF;
7628 : EF;
7629 : EF;
7630 : EF;
7631 : 20;
7632 : 20;
7633 : EF;
7634 : EF;
7635 : EF;
7636 : EF;
7637 : EF;
7638 : EF;
7639 : 20;
7640 : 20;
7641 : EF;
7642 : EF;
7643 : EF;
7644 : EF;
7645 : EF;
7646 : EF;
7647 : 20;
7648 : 20;
7649 : EF;
7650 : EF;
7651 : EF;
7652 : EF;
7653 : EF;
7654 : EF;
7655 : 20;
7656 : 20;
7657 : EF;
7658 : EF;
7659 : EF;
7660 : EF;
7661 : EF;
7662 : EF;
7663 : 20;
7664 : 20;
7665 : EF;
7666 : EF;
7667 : EF;
7668 : EF;
7669 : EF;
7670 : EF;
7671 : 20;
7672 : 20;
7673 : 20;
7674 : 20;
7675 : 20;
7676 : 20;
7677 : 20;
7678 : 20;
7679 : 20;
7680 : 20;
7681 : 20;
7682 : 20;
7683 : 20;
7684 : 20;
7685 : 20;
7686 : 20;
7687 : 20;
7688 : 20;
7689 : F1;
7690 : F1;
7691 : F1;
7692 : F1;
7693 : F1;
7694 : F1;
7695 : 20;
7696 : 20;
7697 : F1;
7698 : F1;
7699 : F1;
7700 : F1;
7701 : F1;
7702 : F1;
7703 : 20;
7704 : 20;
7705 : F1;
7706 : F1;
7707 : F1;
7708 : F1;
7709 : F1;
7710 : F1;
7711 : 20;
7712 : 20;
7713 : F1;
7714 : F1;
7715 : F1;
7716 : F1;
7717 : F1;
7718 : F1;
7719 : 20;
7720 : 20;
7721 : F1;
7722 : F1;
7723 : F1;
7724 : F1;
7725 : F1;
7726 : F1;
7727 : 20;
7728 : 20;
7729 : F1;
7730 : F1;
7731 : F1;
7732 : F1;
7733 : F1;
7734 : F1;
7735 : 20;
7736 : 20;
7737 : 20;
7738 : 20;
7739 : 20;
7740 : 20;
7741 : 20;
7742 : 20;
7743 : 20;
7744 : 20;
7745 : 20;
7746 : 20;
7747 : 20;
7748 : 20;
7749 : 20;
7750 : 20;
7751 : 20;
7752 : 20;
7753 : F3;
7754 : F3;
7755 : F3;
7756 : F3;
7757 : F3;
7758 : F3;
7759 : 20;
7760 : 20;
7761 : F3;
7762 : F3;
7763 : F3;
7764 : F3;
7765 : F3;
7766 : F3;
7767 : 20;
7768 : 20;
7769 : F3;
7770 : F3;
7771 : F3;
7772 : F3;
7773 : F3;
7774 : F3;
7775 : 20;
7776 : 20;
7777 : F3;
7778 : F3;
7779 : F3;
7780 : F3;
7781 : F3;
7782 : F3;
7783 : 20;
7784 : 20;
7785 : F3;
7786 : F3;
7787 : F3;
7788 : F3;
7789 : F3;
7790 : F3;
7791 : 20;
7792 : 20;
7793 : F3;
7794 : F3;
7795 : F3;
7796 : F3;
7797 : F3;
7798 : F3;
7799 : 20;
7800 : 20;
7801 : 20;
7802 : 20;
7803 : 20;
7804 : 20;
7805 : 20;
7806 : 20;
7807 : 20;
7808 : 20;
7809 : 20;
7810 : 20;
7811 : 20;
7812 : 20;
7813 : 20;
7814 : 20;
7815 : 20;
7816 : 20;
7817 : F5;
7818 : F5;
7819 : F5;
7820 : F5;
7821 : F5;
7822 : F5;
7823 : 20;
7824 : 20;
7825 : F5;
7826 : F5;
7827 : F5;
7828 : F5;
7829 : F5;
7830 : F5;
7831 : 20;
7832 : 20;
7833 : F5;
7834 : F5;
7835 : F5;
7836 : F5;
7837 : F5;
7838 : F5;
7839 : 20;
7840 : 20;
7841 : F5;
7842 : F5;
7843 : F5;
7844 : F5;
7845 : F5;
7846 : F5;
7847 : 20;
7848 : 20;
7849 : F5;
7850 : F5;
7851 : F5;
7852 : F5;
7853 : F5;
7854 : F5;
7855 : 20;
7856 : 20;
7857 : F5;
7858 : F5;
7859 : F5;
7860 : F5;
7861 : F5;
7862 : F5;
7863 : 20;
7864 : 20;
7865 : 20;
7866 : 20;
7867 : 20;
7868 : 20;
7869 : 20;
7870 : 20;
7871 : 20;
7872 : 20;
7873 : 20;
7874 : 20;
7875 : 20;
7876 : 20;
7877 : 20;
7878 : 20;
7879 : 20;
7880 : 20;
7881 : F7;
7882 : F7;
7883 : F7;
7884 : F7;
7885 : F7;
7886 : F7;
7887 : 20;
7888 : 20;
7889 : F7;
7890 : F7;
7891 : F7;
7892 : F7;
7893 : F7;
7894 : F7;
7895 : 20;
7896 : 20;
7897 : F7;
7898 : F7;
7899 : F7;
7900 : F7;
7901 : F7;
7902 : F7;
7903 : 20;
7904 : 20;
7905 : F7;
7906 : F7;
7907 : F7;
7908 : F7;
7909 : F7;
7910 : F7;
7911 : 20;
7912 : 20;
7913 : F7;
7914 : F7;
7915 : F7;
7916 : F7;
7917 : F7;
7918 : F7;
7919 : 20;
7920 : 20;
7921 : F7;
7922 : F7;
7923 : F7;
7924 : F7;
7925 : F7;
7926 : F7;
7927 : 20;
7928 : 20;
7929 : 20;
7930 : 20;
7931 : 20;
7932 : 20;
7933 : 20;
7934 : 20;
7935 : 20;
7936 : 20;
7937 : 20;
7938 : 20;
7939 : 20;
7940 : 20;
7941 : 20;
7942 : 20;
7943 : 20;
7944 : 20;
7945 : F9;
7946 : F9;
7947 : F9;
7948 : F9;
7949 : F9;
7950 : F9;
7951 : 20;
7952 : 20;
7953 : F9;
7954 : F9;
7955 : F9;
7956 : F9;
7957 : F9;
7958 : F9;
7959 : 20;
7960 : 20;
7961 : F9;
7962 : F9;
7963 : F9;
7964 : F9;
7965 : F9;
7966 : F9;
7967 : 20;
7968 : 20;
7969 : F9;
7970 : F9;
7971 : F9;
7972 : F9;
7973 : F9;
7974 : F9;
7975 : 20;
7976 : 20;
7977 : F9;
7978 : F9;
7979 : F9;
7980 : F9;
7981 : F9;
7982 : F9;
7983 : 20;
7984 : 20;
7985 : F9;
7986 : F9;
7987 : F9;
7988 : F9;
7989 : F9;
7990 : F9;
7991 : 20;
7992 : 20;
7993 : 20;
7994 : 20;
7995 : 20;
7996 : 20;
7997 : 20;
7998 : 20;
7999 : 20;
8000 : 20;
8001 : 20;
8002 : 20;
8003 : 20;
8004 : 20;
8005 : 20;
8006 : 20;
8007 : 20;
8008 : 20;
8009 : FB;
8010 : FB;
8011 : FB;
8012 : FB;
8013 : FB;
8014 : FB;
8015 : 20;
8016 : 20;
8017 : FB;
8018 : FB;
8019 : FB;
8020 : FB;
8021 : FB;
8022 : FB;
8023 : 20;
8024 : 20;
8025 : FB;
8026 : FB;
8027 : FB;
8028 : FB;
8029 : FB;
8030 : FB;
8031 : 20;
8032 : 20;
8033 : FB;
8034 : FB;
8035 : FB;
8036 : FB;
8037 : FB;
8038 : FB;
8039 : 20;
8040 : 20;
8041 : FB;
8042 : FB;
8043 : FB;
8044 : FB;
8045 : FB;
8046 : FB;
8047 : 20;
8048 : 20;
8049 : FB;
8050 : FB;
8051 : FB;
8052 : FB;
8053 : FB;
8054 : FB;
8055 : 20;
8056 : 20;
8057 : 20;
8058 : 20;
8059 : 20;
8060 : 20;
8061 : 20;
8062 : 20;
8063 : 20;
8064 : 20;
8065 : 20;
8066 : 20;
8067 : 20;
8068 : 20;
8069 : 20;
8070 : 20;
8071 : 20;
8072 : 20;
8073 : FD;
8074 : FD;
8075 : FD;
8076 : FD;
8077 : FD;
8078 : FD;
8079 : 20;
8080 : 20;
8081 : FD;
8082 : FD;
8083 : FD;
8084 : FD;
8085 : FD;
8086 : FD;
8087 : 20;
8088 : 20;
8089 : FD;
8090 : FD;
8091 : FD;
8092 : FD;
8093 : FD;
8094 : FD;
8095 : 20;
8096 : 20;
8097 : FD;
8098 : FD;
8099 : FD;
8100 : FD;
8101 : FD;
8102 : FD;
8103 : 20;
8104 : 20;
8105 : FD;
8106 : FD;
8107 : FD;
8108 : FD;
8109 : FD;
8110 : FD;
8111 : 20;
8112 : 20;
8113 : FD;
8114 : FD;
8115 : FD;
8116 : FD;
8117 : FD;
8118 : FD;
8119 : 20;
8120 : 20;
8121 : 20;
8122 : 20;
8123 : 20;
8124 : 20;
8125 : 20;
8126 : 20;
8127 : 20;
8128 : 20;
8129 : 20;
8130 : 20;
8131 : 20;
8132 : 20;
8133 : 20;
8134 : 20;
8135 : 20;
8136 : 20;
8137 : FF;
8138 : FF;
8139 : FF;
8140 : FF;
8141 : FF;
8142 : FF;
8143 : 20;
8144 : 20;
8145 : FF;
8146 : FF;
8147 : FF;
8148 : FF;
8149 : FF;
8150 : FF;
8151 : 20;
8152 : 20;
8153 : FF;
8154 : FF;
8155 : FF;
8156 : FF;
8157 : FF;
8158 : FF;
8159 : 20;
8160 : 20;
8161 : FF;
8162 : FF;
8163 : FF;
8164 : FF;
8165 : FF;
8166 : FF;
8167 : 20;
8168 : 20;
8169 : FF;
8170 : FF;
8171 : FF;
8172 : FF;
8173 : FF;
8174 : FF;
8175 : 20;
8176 : 20;
8177 : FF;
8178 : FF;
8179 : FF;
8180 : FF;
8181 : FF;
8182 : FF;
8183 : 20;
8184 : 20;
8185 : 20;
8186 : 20;
8187 : 20;
8188 : 20;
8189 : 20;
8190 : 20;
8191 : 20;
8192 : 00;
8193 : 00;
8194 : 00;
8195 : 00;
8196 : 00;
8197 : 00;
8198 : 00;
8199 : 00;
8200 : 00;
8201 : 00;
8202 : 00;
8203 : 00;
8204 : 00;
8205 : 00;
8206 : 00;
8207 : 00;
8208 : 00;
8209 : 00;
8210 : 00;
8211 : 00;
8212 : 00;
8213 : 00;
8214 : 00;
8215 : 00;
8216 : 00;
8217 : 00;
8218 : 00;
8219 : 00;
8220 : 00;
8221 : 00;
8222 : 00;
8223 : 00;
8224 : 00;
8225 : 00;
8226 : 00;
8227 : 00;
8228 : 00;
8229 : 00;
8230 : 00;
8231 : 00;
8232 : 00;
8233 : 00;
8234 : 00;
8235 : 00;
8236 : 00;
8237 : 00;
8238 : 00;
8239 : 00;
8240 : 00;
8241 : 00;
8242 : 00;
8243 : 00;
8244 : 00;
8245 : 00;
8246 : 00;
8247 : 00;
8248 : 00;
8249 : 00;
8250 : 00;
8251 : 00;
8252 : 00;
8253 : 00;
8254 : 00;
8255 : 00;
8256 : 00;
8257 : 00;
8258 : 00;
8259 : 00;
8260 : 00;
8261 : 00;
8262 : 00;
8263 : 00;
8264 : 00;
8265 : 00;
8266 : 00;
8267 : 00;
8268 : 00;
8269 : 00;
8270 : 00;
8271 : 00;
8272 : 00;
8273 : 00;
8274 : 00;
8275 : 00;
8276 : 00;
8277 : 00;
8278 : 00;
8279 : 00;
8280 : 00;
8281 : 00;
8282 : 00;
8283 : 00;
8284 : 00;
8285 : 00;
8286 : 00;
8287 : 00;
8288 : 00;
8289 : 00;
8290 : 00;
8291 : 00;
8292 : 00;
8293 : 00;
8294 : 00;
8295 : 00;
8296 : 00;
8297 : 00;
8298 : 00;
8299 : 00;
8300 : 00;
8301 : 00;
8302 : 00;
8303 : 00;
8304 : 00;
8305 : 00;
8306 : 00;
8307 : 00;
8308 : 00;
8309 : 00;
8310 : 00;
8311 : 00;
8312 : 00;
8313 : 00;
8314 : 00;
8315 : 00;
8316 : 00;
8317 : 00;
8318 : 00;
8319 : 00;
8320 : 00;
8321 : 00;
8322 : 00;
8323 : 00;
8324 : 00;
8325 : 00;
8326 : 00;
8327 : 00;
8328 : 00;
8329 : 00;
8330 : 00;
8331 : 00;
8332 : 00;
8333 : 00;
8334 : 00;
8335 : 00;
8336 : 00;
8337 : 00;
8338 : 00;
8339 : 00;
8340 : 00;
8341 : 00;
8342 : 00;
8343 : 00;
8344 : 00;
8345 : 00;
8346 : 00;
8347 : 00;
8348 : 00;
8349 : 00;
8350 : 00;
8351 : 00;
8352 : 00;
8353 : 00;
8354 : 00;
8355 : 00;
8356 : 00;
8357 : 00;
8358 : 00;
8359 : 00;
8360 : 00;
8361 : 00;
8362 : 00;
8363 : 00;
8364 : 00;
8365 : 00;
8366 : 00;
8367 : 00;
8368 : 00;
8369 : 00;
8370 : 00;
8371 : 00;
8372 : 00;
8373 : 00;
8374 : 00;
8375 : 00;
8376 : 00;
8377 : 00;
8378 : 00;
8379 : 00;
8380 : 00;
8381 : 00;
8382 : 00;
8383 : 00;
8384 : 00;
8385 : 00;
8386 : 00;
8387 : 00;
8388 : 00;
8389 : 00;
8390 : 00;
8391 : 00;
8392 : 00;
8393 : 00;
8394 : 00;
8395 : 00;
8396 : 00;
8397 : 00;
8398 : 00;
8399 : 00;
8400 : 00;
8401 : 00;
8402 : 00;
8403 : 00;
8404 : 00;
8405 : 00;
8406 : 00;
8407 : 00;
8408 : 00;
8409 : 00;
8410 : 00;
8411 : 00;
8412 : 00;
8413 : 00;
8414 : 00;
8415 : 00;
8416 : 00;
8417 : 00;
8418 : 00;
8419 : 00;
8420 : 00;
8421 : 00;
8422 : 00;
8423 : 00;
8424 : 00;
8425 : 00;
8426 : 00;
8427 : 00;
8428 : 00;
8429 : 00;
8430 : 00;
8431 : 00;
8432 : 00;
8433 : 00;
8434 : 00;
8435 : 00;
8436 : 00;
8437 : 00;
8438 : 00;
8439 : 00;
8440 : 00;
8441 : 00;
8442 : 00;
8443 : 00;
8444 : 00;
8445 : 00;
8446 : 00;
8447 : 00;
8448 : 00;
8449 : 00;
8450 : 00;
8451 : 00;
8452 : 00;
8453 : 00;
8454 : 00;
8455 : 00;
8456 : 00;
8457 : 00;
8458 : 00;
8459 : 00;
8460 : 00;
8461 : 00;
8462 : 00;
8463 : 00;
8464 : 00;
8465 : 00;
8466 : 00;
8467 : 00;
8468 : 00;
8469 : 00;
8470 : 00;
8471 : 00;
8472 : 00;
8473 : 00;
8474 : 00;
8475 : 00;
8476 : 00;
8477 : 00;
8478 : 00;
8479 : 00;
8480 : 00;
8481 : 00;
8482 : 00;
8483 : 00;
8484 : 00;
8485 : 00;
8486 : 00;
8487 : 00;
8488 : 00;
8489 : 00;
8490 : 00;
8491 : 00;
8492 : 00;
8493 : 00;
8494 : 00;
8495 : 00;
8496 : 00;
8497 : 00;
8498 : 00;
8499 : 00;
8500 : 00;
8501 : 00;
8502 : 00;
8503 : 00;
8504 : 00;
8505 : 00;
8506 : 00;
8507 : 00;
8508 : 00;
8509 : 00;
8510 : 00;
8511 : 00;
8512 : 00;
8513 : 00;
8514 : 00;
8515 : 00;
8516 : 00;
8517 : 00;
8518 : 00;
8519 : 00;
8520 : 00;
8521 : 00;
8522 : 00;
8523 : 00;
8524 : 00;
8525 : 00;
8526 : 00;
8527 : 00;
8528 : 00;
8529 : 00;
8530 : 00;
8531 : 00;
8532 : 00;
8533 : 00;
8534 : 00;
8535 : 00;
8536 : 00;
8537 : 00;
8538 : 00;
8539 : 00;
8540 : 00;
8541 : 00;
8542 : 00;
8543 : 00;
8544 : 00;
8545 : 00;
8546 : 00;
8547 : 00;
8548 : 00;
8549 : 00;
8550 : 00;
8551 : 00;
8552 : 00;
8553 : 00;
8554 : 00;
8555 : 00;
8556 : 00;
8557 : 00;
8558 : 00;
8559 : 00;
8560 : 00;
8561 : 00;
8562 : 00;
8563 : 00;
8564 : 00;
8565 : 00;
8566 : 00;
8567 : 00;
8568 : 00;
8569 : 00;
8570 : 00;
8571 : 00;
8572 : 00;
8573 : 00;
8574 : 00;
8575 : 00;
8576 : 00;
8577 : 00;
8578 : 00;
8579 : 00;
8580 : 00;
8581 : 00;
8582 : 00;
8583 : 00;
8584 : 00;
8585 : 00;
8586 : 00;
8587 : 00;
8588 : 00;
8589 : 00;
8590 : 00;
8591 : 00;
8592 : 00;
8593 : 00;
8594 : 00;
8595 : 00;
8596 : 00;
8597 : 00;
8598 : 00;
8599 : 00;
8600 : 00;
8601 : 00;
8602 : 00;
8603 : 00;
8604 : 00;
8605 : 00;
8606 : 00;
8607 : 00;
8608 : 00;
8609 : 00;
8610 : 00;
8611 : 00;
8612 : 00;
8613 : 00;
8614 : 00;
8615 : 00;
8616 : 00;
8617 : 00;
8618 : 00;
8619 : 00;
8620 : 00;
8621 : 00;
8622 : 00;
8623 : 00;
8624 : 00;
8625 : 00;
8626 : 00;
8627 : 00;
8628 : 00;
8629 : 00;
8630 : 00;
8631 : 00;
8632 : 00;
8633 : 00;
8634 : 00;
8635 : 00;
8636 : 00;
8637 : 00;
8638 : 00;
8639 : 00;
8640 : 00;
8641 : 00;
8642 : 00;
8643 : 00;
8644 : 00;
8645 : 00;
8646 : 00;
8647 : 00;
8648 : 00;
8649 : 00;
8650 : 00;
8651 : 00;
8652 : 00;
8653 : 00;
8654 : 00;
8655 : 00;
8656 : 00;
8657 : 00;
8658 : 00;
8659 : 00;
8660 : 00;
8661 : 00;
8662 : 00;
8663 : 00;
8664 : 00;
8665 : 00;
8666 : 00;
8667 : 00;
8668 : 00;
8669 : 00;
8670 : 00;
8671 : 00;
8672 : 00;
8673 : 00;
8674 : 00;
8675 : 00;
8676 : 00;
8677 : 00;
8678 : 00;
8679 : 00;
8680 : 00;
8681 : 00;
8682 : 00;
8683 : 00;
8684 : 00;
8685 : 00;
8686 : 00;
8687 : 00;
8688 : 00;
8689 : 00;
8690 : 00;
8691 : 00;
8692 : 00;
8693 : 00;
8694 : 00;
8695 : 00;
8696 : 00;
8697 : 00;
8698 : 00;
8699 : 00;
8700 : 00;
8701 : 00;
8702 : 00;
8703 : 00;
8704 : 00;
8705 : 00;
8706 : 00;
8707 : 00;
8708 : 00;
8709 : 00;
8710 : 00;
8711 : 00;
8712 : 00;
8713 : 00;
8714 : 00;
8715 : 00;
8716 : 00;
8717 : 00;
8718 : 00;
8719 : 00;
8720 : 00;
8721 : 00;
8722 : 00;
8723 : 00;
8724 : 00;
8725 : 00;
8726 : 00;
8727 : 00;
8728 : 00;
8729 : 00;
8730 : 00;
8731 : 00;
8732 : 00;
8733 : 00;
8734 : 00;
8735 : 00;
8736 : 00;
8737 : 00;
8738 : 00;
8739 : 00;
8740 : 00;
8741 : 00;
8742 : 00;
8743 : 00;
8744 : 00;
8745 : 00;
8746 : 00;
8747 : 00;
8748 : 00;
8749 : 00;
8750 : 00;
8751 : 00;
8752 : 00;
8753 : 00;
8754 : 00;
8755 : 00;
8756 : 00;
8757 : 00;
8758 : 00;
8759 : 00;
8760 : 00;
8761 : 00;
8762 : 00;
8763 : 00;
8764 : 00;
8765 : 00;
8766 : 00;
8767 : 00;
8768 : 00;
8769 : 00;
8770 : 00;
8771 : 00;
8772 : 00;
8773 : 00;
8774 : 00;
8775 : 00;
8776 : 00;
8777 : 00;
8778 : 00;
8779 : 00;
8780 : 00;
8781 : 00;
8782 : 00;
8783 : 00;
8784 : 00;
8785 : 00;
8786 : 00;
8787 : 00;
8788 : 00;
8789 : 00;
8790 : 00;
8791 : 00;
8792 : 00;
8793 : 00;
8794 : 00;
8795 : 00;
8796 : 00;
8797 : 00;
8798 : 00;
8799 : 00;
8800 : 00;
8801 : 00;
8802 : 00;
8803 : 00;
8804 : 00;
8805 : 00;
8806 : 00;
8807 : 00;
8808 : 00;
8809 : 00;
8810 : 00;
8811 : 00;
8812 : 00;
8813 : 00;
8814 : 00;
8815 : 00;
8816 : 00;
8817 : 00;
8818 : 00;
8819 : 00;
8820 : 00;
8821 : 00;
8822 : 00;
8823 : 00;
8824 : 00;
8825 : 00;
8826 : 00;
8827 : 00;
8828 : 00;
8829 : 00;
8830 : 00;
8831 : 00;
8832 : 00;
8833 : 00;
8834 : 00;
8835 : 00;
8836 : 00;
8837 : 00;
8838 : 00;
8839 : 00;
8840 : 00;
8841 : 00;
8842 : 00;
8843 : 00;
8844 : 00;
8845 : 00;
8846 : 00;
8847 : 00;
8848 : 00;
8849 : 00;
8850 : 00;
8851 : 00;
8852 : 00;
8853 : 00;
8854 : 00;
8855 : 00;
8856 : 00;
8857 : 00;
8858 : 00;
8859 : 00;
8860 : 00;
8861 : 00;
8862 : 00;
8863 : 00;
8864 : 00;
8865 : 00;
8866 : 00;
8867 : 00;
8868 : 00;
8869 : 00;
8870 : 00;
8871 : 00;
8872 : 00;
8873 : 00;
8874 : 00;
8875 : 00;
8876 : 00;
8877 : 00;
8878 : 00;
8879 : 00;
8880 : 00;
8881 : 00;
8882 : 00;
8883 : 00;
8884 : 00;
8885 : 00;
8886 : 00;
8887 : 00;
8888 : 00;
8889 : 00;
8890 : 00;
8891 : 00;
8892 : 00;
8893 : 00;
8894 : 00;
8895 : 00;
8896 : 00;
8897 : 00;
8898 : 00;
8899 : 00;
8900 : 00;
8901 : 00;
8902 : 00;
8903 : 00;
8904 : 00;
8905 : 00;
8906 : 00;
8907 : 00;
8908 : 00;
8909 : 00;
8910 : 00;
8911 : 00;
8912 : 00;
8913 : 00;
8914 : 00;
8915 : 00;
8916 : 00;
8917 : 00;
8918 : 00;
8919 : 00;
8920 : 00;
8921 : 00;
8922 : 00;
8923 : 00;
8924 : 00;
8925 : 00;
8926 : 00;
8927 : 00;
8928 : 00;
8929 : 00;
8930 : 00;
8931 : 00;
8932 : 00;
8933 : 00;
8934 : 00;
8935 : 00;
8936 : 00;
8937 : 00;
8938 : 00;
8939 : 00;
8940 : 00;
8941 : 00;
8942 : 00;
8943 : 00;
8944 : 00;
8945 : 00;
8946 : 00;
8947 : 00;
8948 : 00;
8949 : 00;
8950 : 00;
8951 : 00;
8952 : 00;
8953 : 00;
8954 : 00;
8955 : 00;
8956 : 00;
8957 : 00;
8958 : 00;
8959 : 00;
8960 : 00;
8961 : 00;
8962 : 00;
8963 : 00;
8964 : 00;
8965 : 00;
8966 : 00;
8967 : 00;
8968 : 00;
8969 : 00;
8970 : 00;
8971 : 00;
8972 : 00;
8973 : 00;
8974 : 00;
8975 : 00;
8976 : 00;
8977 : 00;
8978 : 00;
8979 : 00;
8980 : 00;
8981 : 00;
8982 : 00;
8983 : 00;
8984 : 00;
8985 : 00;
8986 : 00;
8987 : 00;
8988 : 00;
8989 : 00;
8990 : 00;
8991 : 00;
8992 : 00;
8993 : 00;
8994 : 00;
8995 : 00;
8996 : 00;
8997 : 00;
8998 : 00;
8999 : 00;
9000 : 00;
9001 : 00;
9002 : 00;
9003 : 00;
9004 : 00;
9005 : 00;
9006 : 00;
9007 : 00;
9008 : 00;
9009 : 00;
9010 : 00;
9011 : 00;
9012 : 00;
9013 : 00;
9014 : 00;
9015 : 00;
9016 : 00;
9017 : 00;
9018 : 00;
9019 : 00;
9020 : 00;
9021 : 00;
9022 : 00;
9023 : 00;
9024 : 00;
9025 : 00;
9026 : 00;
9027 : 00;
9028 : 00;
9029 : 00;
9030 : 00;
9031 : 00;
9032 : 00;
9033 : 00;
9034 : 00;
9035 : 00;
9036 : 00;
9037 : 00;
9038 : 00;
9039 : 00;
9040 : 00;
9041 : 00;
9042 : 00;
9043 : 00;
9044 : 00;
9045 : 00;
9046 : 00;
9047 : 00;
9048 : 00;
9049 : 00;
9050 : 00;
9051 : 00;
9052 : 00;
9053 : 00;
9054 : 00;
9055 : 00;
9056 : 00;
9057 : 00;
9058 : 00;
9059 : 00;
9060 : 00;
9061 : 00;
9062 : 00;
9063 : 00;
9064 : 00;
9065 : 00;
9066 : 00;
9067 : 00;
9068 : 00;
9069 : 00;
9070 : 00;
9071 : 00;
9072 : 00;
9073 : 00;
9074 : 00;
9075 : 00;
9076 : 00;
9077 : 00;
9078 : 00;
9079 : 00;
9080 : 00;
9081 : 00;
9082 : 00;
9083 : 00;
9084 : 00;
9085 : 00;
9086 : 00;
9087 : 00;
9088 : 00;
9089 : 00;
9090 : 00;
9091 : 00;
9092 : 00;
9093 : 00;
9094 : 00;
9095 : 00;
9096 : 00;
9097 : 00;
9098 : 00;
9099 : 00;
9100 : 00;
9101 : 00;
9102 : 00;
9103 : 00;
9104 : 00;
9105 : 00;
9106 : 00;
9107 : 00;
9108 : 00;
9109 : 00;
9110 : 00;
9111 : 00;
9112 : 00;
9113 : 00;
9114 : 00;
9115 : 00;
9116 : 00;
9117 : 00;
9118 : 00;
9119 : 00;
9120 : 00;
9121 : 00;
9122 : 00;
9123 : 00;
9124 : 00;
9125 : 00;
9126 : 00;
9127 : 00;
9128 : 00;
9129 : 00;
9130 : 00;
9131 : 00;
9132 : 00;
9133 : 00;
9134 : 00;
9135 : 00;
9136 : 00;
9137 : 00;
9138 : 00;
9139 : 00;
9140 : 00;
9141 : 00;
9142 : 00;
9143 : 00;
9144 : 00;
9145 : 00;
9146 : 00;
9147 : 00;
9148 : 00;
9149 : 00;
9150 : 00;
9151 : 00;
9152 : 00;
9153 : 00;
9154 : 00;
9155 : 00;
9156 : 00;
9157 : 00;
9158 : 00;
9159 : 00;
9160 : 00;
9161 : 00;
9162 : 00;
9163 : 00;
9164 : 00;
9165 : 00;
9166 : 00;
9167 : 00;
9168 : 00;
9169 : 00;
9170 : 00;
9171 : 00;
9172 : 00;
9173 : 00;
9174 : 00;
9175 : 00;
9176 : 00;
9177 : 00;
9178 : 00;
9179 : 00;
9180 : 00;
9181 : 00;
9182 : 00;
9183 : 00;
9184 : 00;
9185 : 00;
9186 : 00;
9187 : 00;
9188 : 00;
9189 : 00;
9190 : 00;
9191 : 00;
9192 : 00;
9193 : 00;
9194 : 00;
9195 : 00;
9196 : 00;
9197 : 00;
9198 : 00;
9199 : 00;
9200 : 00;
9201 : 00;
9202 : 00;
9203 : 00;
9204 : 00;
9205 : 00;
9206 : 00;
9207 : 00;
9208 : 00;
9209 : 00;
9210 : 00;
9211 : 00;
9212 : 00;
9213 : 00;
9214 : 00;
9215 : 00;
9216 : 00;
9217 : 00;
9218 : 00;
9219 : 00;
9220 : 00;
9221 : 00;
9222 : 00;
9223 : 00;
9224 : 00;
9225 : 00;
9226 : 00;
9227 : 00;
9228 : 00;
9229 : 00;
9230 : 00;
9231 : 00;
9232 : 00;
9233 : 00;
9234 : 00;
9235 : 00;
9236 : 00;
9237 : 00;
9238 : 00;
9239 : 00;
9240 : 00;
9241 : 00;
9242 : 00;
9243 : 00;
9244 : 00;
9245 : 00;
9246 : 00;
9247 : 00;
9248 : 00;
9249 : 00;
9250 : 00;
9251 : 00;
9252 : 00;
9253 : 00;
9254 : 00;
9255 : 00;
9256 : 00;
9257 : 00;
9258 : 00;
9259 : 00;
9260 : 00;
9261 : 00;
9262 : 00;
9263 : 00;
9264 : 00;
9265 : 00;
9266 : 00;
9267 : 00;
9268 : 00;
9269 : 00;
9270 : 00;
9271 : 00;
9272 : 00;
9273 : 00;
9274 : 00;
9275 : 00;
9276 : 00;
9277 : 00;
9278 : 00;
9279 : 00;
9280 : 00;
9281 : 00;
9282 : 00;
9283 : 00;
9284 : 00;
9285 : 00;
9286 : 00;
9287 : 00;
9288 : 00;
9289 : 00;
9290 : 00;
9291 : 00;
9292 : 00;
9293 : 00;
9294 : 00;
9295 : 00;
9296 : 00;
9297 : 00;
9298 : 00;
9299 : 00;
9300 : 00;
9301 : 00;
9302 : 00;
9303 : 00;
9304 : 00;
9305 : 00;
9306 : 00;
9307 : 00;
9308 : 00;
9309 : 00;
9310 : 00;
9311 : 00;
9312 : 00;
9313 : 00;
9314 : 00;
9315 : 00;
9316 : 00;
9317 : 00;
9318 : 00;
9319 : 00;
9320 : 00;
9321 : 00;
9322 : 00;
9323 : 00;
9324 : 00;
9325 : 00;
9326 : 00;
9327 : 00;
9328 : 00;
9329 : 00;
9330 : 00;
9331 : 00;
9332 : 00;
9333 : 00;
9334 : 00;
9335 : 00;
9336 : 00;
9337 : 00;
9338 : 00;
9339 : 00;
9340 : 00;
9341 : 00;
9342 : 00;
9343 : 00;
9344 : 00;
9345 : 00;
9346 : 00;
9347 : 00;
9348 : 00;
9349 : 00;
9350 : 00;
9351 : 00;
9352 : 00;
9353 : 00;
9354 : 00;
9355 : 00;
9356 : 00;
9357 : 00;
9358 : 00;
9359 : 00;
9360 : 00;
9361 : 00;
9362 : 00;
9363 : 00;
9364 : 00;
9365 : 00;
9366 : 00;
9367 : 00;
9368 : 00;
9369 : 00;
9370 : 00;
9371 : 00;
9372 : 00;
9373 : 00;
9374 : 00;
9375 : 00;
9376 : 00;
9377 : 00;
9378 : 00;
9379 : 00;
9380 : 00;
9381 : 00;
9382 : 00;
9383 : 00;
9384 : 00;
9385 : 00;
9386 : 00;
9387 : 00;
9388 : 00;
9389 : 00;
9390 : 00;
9391 : 00;
9392 : 00;
9393 : 00;
9394 : 00;
9395 : 00;
9396 : 00;
9397 : 00;
9398 : 00;
9399 : 00;
9400 : 00;
9401 : 00;
9402 : 00;
9403 : 00;
9404 : 00;
9405 : 00;
9406 : 00;
9407 : 00;
9408 : 00;
9409 : 00;
9410 : 00;
9411 : 00;
9412 : 00;
9413 : 00;
9414 : 00;
9415 : 00;
9416 : 00;
9417 : 00;
9418 : 00;
9419 : 00;
9420 : 00;
9421 : 00;
9422 : 00;
9423 : 00;
9424 : 00;
9425 : 00;
9426 : 00;
9427 : 00;
9428 : 00;
9429 : 00;
9430 : 00;
9431 : 00;
9432 : 00;
9433 : 00;
9434 : 00;
9435 : 00;
9436 : 00;
9437 : 00;
9438 : 00;
9439 : 00;
9440 : 00;
9441 : 00;
9442 : 00;
9443 : 00;
9444 : 00;
9445 : 00;
9446 : 00;
9447 : 00;
9448 : 00;
9449 : 00;
9450 : 00;
9451 : 00;
9452 : 00;
9453 : 00;
9454 : 00;
9455 : 00;
9456 : 00;
9457 : 00;
9458 : 00;
9459 : 00;
9460 : 00;
9461 : 00;
9462 : 00;
9463 : 00;
9464 : 00;
9465 : 00;
9466 : 00;
9467 : 00;
9468 : 00;
9469 : 00;
9470 : 00;
9471 : 00;
9472 : 00;
9473 : 00;
9474 : 00;
9475 : 00;
9476 : 00;
9477 : 00;
9478 : 00;
9479 : 00;
9480 : 00;
9481 : 00;
9482 : 00;
9483 : 00;
9484 : 00;
9485 : 00;
9486 : 00;
9487 : 00;
9488 : 00;
9489 : 00;
9490 : 00;
9491 : 00;
9492 : 00;
9493 : 00;
9494 : 00;
9495 : 00;
9496 : 00;
9497 : 00;
9498 : 00;
9499 : 00;
9500 : 00;
9501 : 00;
9502 : 00;
9503 : 00;
9504 : 00;
9505 : 00;
9506 : 00;
9507 : 00;
9508 : 00;
9509 : 00;
9510 : 00;
9511 : 00;
9512 : 00;
9513 : 00;
9514 : 00;
9515 : 00;
9516 : 00;
9517 : 00;
9518 : 00;
9519 : 00;
9520 : 00;
9521 : 00;
9522 : 00;
9523 : 00;
9524 : 00;
9525 : 00;
9526 : 00;
9527 : 00;
9528 : 00;
9529 : 00;
9530 : 00;
9531 : 00;
9532 : 00;
9533 : 00;
9534 : 00;
9535 : 00;
9536 : 00;
9537 : 00;
9538 : 00;
9539 : 00;
9540 : 00;
9541 : 00;
9542 : 00;
9543 : 00;
9544 : 00;
9545 : 00;
9546 : 00;
9547 : 00;
9548 : 00;
9549 : 00;
9550 : 00;
9551 : 00;
9552 : 00;
9553 : 00;
9554 : 00;
9555 : 00;
9556 : 00;
9557 : 00;
9558 : 00;
9559 : 00;
9560 : 00;
9561 : 00;
9562 : 00;
9563 : 00;
9564 : 00;
9565 : 00;
9566 : 00;
9567 : 00;
9568 : 00;
9569 : 00;
9570 : 00;
9571 : 00;
9572 : 00;
9573 : 00;
9574 : 00;
9575 : 00;
9576 : 00;
9577 : 00;
9578 : 00;
9579 : 00;
9580 : 00;
9581 : 00;
9582 : 00;
9583 : 00;
9584 : 00;
9585 : 00;
9586 : 00;
9587 : 00;
9588 : 00;
9589 : 00;
9590 : 00;
9591 : 00;
9592 : 00;
9593 : 00;
9594 : 00;
9595 : 00;
9596 : 00;
9597 : 00;
9598 : 00;
9599 : 00;
9600 : 00;
9601 : 00;
9602 : 00;
9603 : 00;
9604 : 00;
9605 : 00;
9606 : 00;
9607 : 00;
9608 : 00;
9609 : 00;
9610 : 00;
9611 : 00;
9612 : 00;
9613 : 00;
9614 : 00;
9615 : 00;
9616 : 00;
9617 : 00;
9618 : 00;
9619 : 00;
9620 : 00;
9621 : 00;
9622 : 00;
9623 : 00;
9624 : 00;
9625 : 00;
9626 : 00;
9627 : 00;
9628 : 00;
9629 : 00;
9630 : 00;
9631 : 00;
9632 : 00;
9633 : 00;
9634 : 00;
9635 : 00;
9636 : 00;
9637 : 00;
9638 : 00;
9639 : 00;
9640 : 00;
9641 : 00;
9642 : 00;
9643 : 00;
9644 : 00;
9645 : 00;
9646 : 00;
9647 : 00;
9648 : 00;
9649 : 00;
9650 : 00;
9651 : 00;
9652 : 00;
9653 : 00;
9654 : 00;
9655 : 00;
9656 : 00;
9657 : 00;
9658 : 00;
9659 : 00;
9660 : 00;
9661 : 00;
9662 : 00;
9663 : 00;
9664 : 00;
9665 : 00;
9666 : 00;
9667 : 00;
9668 : 00;
9669 : 00;
9670 : 00;
9671 : 00;
9672 : 00;
9673 : 00;
9674 : 00;
9675 : 00;
9676 : 00;
9677 : 00;
9678 : 00;
9679 : 00;
9680 : 00;
9681 : 00;
9682 : 00;
9683 : 00;
9684 : 00;
9685 : 00;
9686 : 00;
9687 : 00;
9688 : 00;
9689 : 00;
9690 : 00;
9691 : 00;
9692 : 00;
9693 : 00;
9694 : 00;
9695 : 00;
9696 : 00;
9697 : 00;
9698 : 00;
9699 : 00;
9700 : 00;
9701 : 00;
9702 : 00;
9703 : 00;
9704 : 00;
9705 : 00;
9706 : 00;
9707 : 00;
9708 : 00;
9709 : 00;
9710 : 00;
9711 : 00;
9712 : 00;
9713 : 00;
9714 : 00;
9715 : 00;
9716 : 00;
9717 : 00;
9718 : 00;
9719 : 00;
9720 : 00;
9721 : 00;
9722 : 00;
9723 : 00;
9724 : 00;
9725 : 00;
9726 : 00;
9727 : 00;
9728 : 00;
9729 : 00;
9730 : 00;
9731 : 00;
9732 : 00;
9733 : 00;
9734 : 00;
9735 : 00;
9736 : 00;
9737 : 00;
9738 : 00;
9739 : 00;
9740 : 00;
9741 : 00;
9742 : 00;
9743 : 00;
9744 : 00;
9745 : 00;
9746 : 00;
9747 : 00;
9748 : 00;
9749 : 00;
9750 : 00;
9751 : 00;
9752 : 00;
9753 : 00;
9754 : 00;
9755 : 00;
9756 : 00;
9757 : 00;
9758 : 00;
9759 : 00;
9760 : 00;
9761 : 00;
9762 : 00;
9763 : 00;
9764 : 00;
9765 : 00;
9766 : 00;
9767 : 00;
9768 : 00;
9769 : 00;
9770 : 00;
9771 : 00;
9772 : 00;
9773 : 00;
9774 : 00;
9775 : 00;
9776 : 00;
9777 : 00;
9778 : 00;
9779 : 00;
9780 : 00;
9781 : 00;
9782 : 00;
9783 : 00;
9784 : 00;
9785 : 00;
9786 : 00;
9787 : 00;
9788 : 00;
9789 : 00;
9790 : 00;
9791 : 00;
9792 : 00;
9793 : 00;
9794 : 00;
9795 : 00;
9796 : 00;
9797 : 00;
9798 : 00;
9799 : 00;
9800 : 00;
9801 : 00;
9802 : 00;
9803 : 00;
9804 : 00;
9805 : 00;
9806 : 00;
9807 : 00;
9808 : 00;
9809 : 00;
9810 : 00;
9811 : 00;
9812 : 00;
9813 : 00;
9814 : 00;
9815 : 00;
9816 : 00;
9817 : 00;
9818 : 00;
9819 : 00;
9820 : 00;
9821 : 00;
9822 : 00;
9823 : 00;
9824 : 00;
9825 : 00;
9826 : 00;
9827 : 00;
9828 : 00;
9829 : 00;
9830 : 00;
9831 : 00;
9832 : 00;
9833 : 00;
9834 : 00;
9835 : 00;
9836 : 00;
9837 : 00;
9838 : 00;
9839 : 00;
9840 : 00;
9841 : 00;
9842 : 00;
9843 : 00;
9844 : 00;
9845 : 00;
9846 : 00;
9847 : 00;
9848 : 00;
9849 : 00;
9850 : 00;
9851 : 00;
9852 : 00;
9853 : 00;
9854 : 00;
9855 : 00;
9856 : 00;
9857 : 00;
9858 : 00;
9859 : 00;
9860 : 00;
9861 : 00;
9862 : 00;
9863 : 00;
9864 : 00;
9865 : 00;
9866 : 00;
9867 : 00;
9868 : 00;
9869 : 00;
9870 : 00;
9871 : 00;
9872 : 00;
9873 : 00;
9874 : 00;
9875 : 00;
9876 : 00;
9877 : 00;
9878 : 00;
9879 : 00;
9880 : 00;
9881 : 00;
9882 : 00;
9883 : 00;
9884 : 00;
9885 : 00;
9886 : 00;
9887 : 00;
9888 : 00;
9889 : 00;
9890 : 00;
9891 : 00;
9892 : 00;
9893 : 00;
9894 : 00;
9895 : 00;
9896 : 00;
9897 : 00;
9898 : 00;
9899 : 00;
9900 : 00;
9901 : 00;
9902 : 00;
9903 : 00;
9904 : 00;
9905 : 00;
9906 : 00;
9907 : 00;
9908 : 00;
9909 : 00;
9910 : 00;
9911 : 00;
9912 : 00;
9913 : 00;
9914 : 00;
9915 : 00;
9916 : 00;
9917 : 00;
9918 : 00;
9919 : 00;
9920 : 00;
9921 : 00;
9922 : 00;
9923 : 00;
9924 : 00;
9925 : 00;
9926 : 00;
9927 : 00;
9928 : 00;
9929 : 00;
9930 : 00;
9931 : 00;
9932 : 00;
9933 : 00;
9934 : 00;
9935 : 00;
9936 : 00;
9937 : 00;
9938 : 00;
9939 : 00;
9940 : 00;
9941 : 00;
9942 : 00;
9943 : 00;
9944 : 00;
9945 : 00;
9946 : 00;
9947 : 00;
9948 : 00;
9949 : 00;
9950 : 00;
9951 : 00;
9952 : 00;
9953 : 00;
9954 : 00;
9955 : 00;
9956 : 00;
9957 : 00;
9958 : 00;
9959 : 00;
9960 : 00;
9961 : 00;
9962 : 00;
9963 : 00;
9964 : 00;
9965 : 00;
9966 : 00;
9967 : 00;
9968 : 00;
9969 : 00;
9970 : 00;
9971 : 00;
9972 : 00;
9973 : 00;
9974 : 00;
9975 : 00;
9976 : 00;
9977 : 00;
9978 : 00;
9979 : 00;
9980 : 00;
9981 : 00;
9982 : 00;
9983 : 00;
9984 : 00;
9985 : 00;
9986 : 00;
9987 : 00;
9988 : 00;
9989 : 00;
9990 : 00;
9991 : 00;
9992 : 00;
9993 : 00;
9994 : 00;
9995 : 00;
9996 : 00;
9997 : 00;
9998 : 00;
9999 : 00;
10000 : 00;
10001 : 00;
10002 : 00;
10003 : 00;
10004 : 00;
10005 : 00;
10006 : 00;
10007 : 00;
10008 : 00;
10009 : 00;
10010 : 00;
10011 : 00;
10012 : 00;
10013 : 00;
10014 : 00;
10015 : 00;
10016 : 00;
10017 : 00;
10018 : 00;
10019 : 00;
10020 : 00;
10021 : 00;
10022 : 00;
10023 : 00;
10024 : 00;
10025 : 00;
10026 : 00;
10027 : 00;
10028 : 00;
10029 : 00;
10030 : 00;
10031 : 00;
10032 : 00;
10033 : 00;
10034 : 00;
10035 : 00;
10036 : 00;
10037 : 00;
10038 : 00;
10039 : 00;
10040 : 00;
10041 : 00;
10042 : 00;
10043 : 00;
10044 : 00;
10045 : 00;
10046 : 00;
10047 : 00;
10048 : 00;
10049 : 00;
10050 : 00;
10051 : 00;
10052 : 00;
10053 : 00;
10054 : 00;
10055 : 00;
10056 : 00;
10057 : 00;
10058 : 00;
10059 : 00;
10060 : 00;
10061 : 00;
10062 : 00;
10063 : 00;
10064 : 00;
10065 : 00;
10066 : 00;
10067 : 00;
10068 : 00;
10069 : 00;
10070 : 00;
10071 : 00;
10072 : 00;
10073 : 00;
10074 : 00;
10075 : 00;
10076 : 00;
10077 : 00;
10078 : 00;
10079 : 00;
10080 : 00;
10081 : 00;
10082 : 00;
10083 : 00;
10084 : 00;
10085 : 00;
10086 : 00;
10087 : 00;
10088 : 00;
10089 : 00;
10090 : 00;
10091 : 00;
10092 : 00;
10093 : 00;
10094 : 00;
10095 : 00;
10096 : 00;
10097 : 00;
10098 : 00;
10099 : 00;
10100 : 00;
10101 : 00;
10102 : 00;
10103 : 00;
10104 : 00;
10105 : 00;
10106 : 00;
10107 : 00;
10108 : 00;
10109 : 00;
10110 : 00;
10111 : 00;
10112 : 00;
10113 : 00;
10114 : 00;
10115 : 00;
10116 : 00;
10117 : 00;
10118 : 00;
10119 : 00;
10120 : 00;
10121 : 00;
10122 : 00;
10123 : 00;
10124 : 00;
10125 : 00;
10126 : 00;
10127 : 00;
10128 : 00;
10129 : 00;
10130 : 00;
10131 : 00;
10132 : 00;
10133 : 00;
10134 : 00;
10135 : 00;
10136 : 00;
10137 : 00;
10138 : 00;
10139 : 00;
10140 : 00;
10141 : 00;
10142 : 00;
10143 : 00;
10144 : 00;
10145 : 00;
10146 : 00;
10147 : 00;
10148 : 00;
10149 : 00;
10150 : 00;
10151 : 00;
10152 : 00;
10153 : 00;
10154 : 00;
10155 : 00;
10156 : 00;
10157 : 00;
10158 : 00;
10159 : 00;
10160 : 00;
10161 : 00;
10162 : 00;
10163 : 00;
10164 : 00;
10165 : 00;
10166 : 00;
10167 : 00;
10168 : 00;
10169 : 00;
10170 : 00;
10171 : 00;
10172 : 00;
10173 : 00;
10174 : 00;
10175 : 00;
10176 : 00;
10177 : 00;
10178 : 00;
10179 : 00;
10180 : 00;
10181 : 00;
10182 : 00;
10183 : 00;
10184 : 00;
10185 : 00;
10186 : 00;
10187 : 00;
10188 : 00;
10189 : 00;
10190 : 00;
10191 : 00;
10192 : 00;
10193 : 00;
10194 : 00;
10195 : 00;
10196 : 00;
10197 : 00;
10198 : 00;
10199 : 00;
10200 : 00;
10201 : 00;
10202 : 00;
10203 : 00;
10204 : 00;
10205 : 00;
10206 : 00;
10207 : 00;
10208 : 00;
10209 : 00;
10210 : 00;
10211 : 00;
10212 : 00;
10213 : 00;
10214 : 00;
10215 : 00;
10216 : 00;
10217 : 00;
10218 : 00;
10219 : 00;
10220 : 00;
10221 : 00;
10222 : 00;
10223 : 00;
10224 : 00;
10225 : 00;
10226 : 00;
10227 : 00;
10228 : 00;
10229 : 00;
10230 : 00;
10231 : 00;
10232 : 00;
10233 : 00;
10234 : 00;
10235 : 00;
10236 : 00;
10237 : 00;
10238 : 00;
10239 : 00;
10240 : 00;
10241 : 00;
10242 : 00;
10243 : 00;
10244 : 00;
10245 : 00;
10246 : 00;
10247 : 00;
10248 : 00;
10249 : 00;
10250 : 00;
10251 : 00;
10252 : 00;
10253 : 00;
10254 : 00;
10255 : 00;
10256 : 00;
10257 : 00;
10258 : 00;
10259 : 00;
10260 : 00;
10261 : 00;
10262 : 00;
10263 : 00;
10264 : 00;
10265 : 00;
10266 : 00;
10267 : 00;
10268 : 00;
10269 : 00;
10270 : 00;
10271 : 00;
10272 : 00;
10273 : 00;
10274 : 00;
10275 : 00;
10276 : 00;
10277 : 00;
10278 : 00;
10279 : 00;
10280 : 00;
10281 : 00;
10282 : 00;
10283 : 00;
10284 : 00;
10285 : 00;
10286 : 00;
10287 : 00;
10288 : 00;
10289 : 00;
10290 : 00;
10291 : 00;
10292 : 00;
10293 : 00;
10294 : 00;
10295 : 00;
10296 : 00;
10297 : 00;
10298 : 00;
10299 : 00;
10300 : 00;
10301 : 00;
10302 : 00;
10303 : 00;
10304 : 00;
10305 : 00;
10306 : 00;
10307 : 00;
10308 : 00;
10309 : 00;
10310 : 00;
10311 : 00;
10312 : 00;
10313 : 00;
10314 : 00;
10315 : 00;
10316 : 00;
10317 : 00;
10318 : 00;
10319 : 00;
10320 : 00;
10321 : 00;
10322 : 00;
10323 : 00;
10324 : 00;
10325 : 00;
10326 : 00;
10327 : 00;
10328 : 00;
10329 : 00;
10330 : 00;
10331 : 00;
10332 : 00;
10333 : 00;
10334 : 00;
10335 : 00;
10336 : 00;
10337 : 00;
10338 : 00;
10339 : 00;
10340 : 00;
10341 : 00;
10342 : 00;
10343 : 00;
10344 : 00;
10345 : 00;
10346 : 00;
10347 : 00;
10348 : 00;
10349 : 00;
10350 : 00;
10351 : 00;
10352 : 00;
10353 : 00;
10354 : 00;
10355 : 00;
10356 : 00;
10357 : 00;
10358 : 00;
10359 : 00;
10360 : 00;
10361 : 00;
10362 : 00;
10363 : 00;
10364 : 00;
10365 : 00;
10366 : 00;
10367 : 00;
10368 : 00;
10369 : 00;
10370 : 00;
10371 : 00;
10372 : 00;
10373 : 00;
10374 : 00;
10375 : 00;
10376 : 00;
10377 : 00;
10378 : 00;
10379 : 00;
10380 : 00;
10381 : 00;
10382 : 00;
10383 : 00;
10384 : 00;
10385 : 00;
10386 : 00;
10387 : 00;
10388 : 00;
10389 : 00;
10390 : 00;
10391 : 00;
10392 : 00;
10393 : 00;
10394 : 00;
10395 : 00;
10396 : 00;
10397 : 00;
10398 : 00;
10399 : 00;
10400 : 00;
10401 : 00;
10402 : 00;
10403 : 00;
10404 : 00;
10405 : 00;
10406 : 00;
10407 : 00;
10408 : 00;
10409 : 00;
10410 : 00;
10411 : 00;
10412 : 00;
10413 : 00;
10414 : 00;
10415 : 00;
10416 : 00;
10417 : 00;
10418 : 00;
10419 : 00;
10420 : 00;
10421 : 00;
10422 : 00;
10423 : 00;
10424 : 00;
10425 : 00;
10426 : 00;
10427 : 00;
10428 : 00;
10429 : 00;
10430 : 00;
10431 : 00;
10432 : 00;
10433 : 00;
10434 : 00;
10435 : 00;
10436 : 00;
10437 : 00;
10438 : 00;
10439 : 00;
10440 : 00;
10441 : 00;
10442 : 00;
10443 : 00;
10444 : 00;
10445 : 00;
10446 : 00;
10447 : 00;
10448 : 00;
10449 : 00;
10450 : 00;
10451 : 00;
10452 : 00;
10453 : 00;
10454 : 00;
10455 : 00;
10456 : 00;
10457 : 00;
10458 : 00;
10459 : 00;
10460 : 00;
10461 : 00;
10462 : 00;
10463 : 00;
10464 : 00;
10465 : 00;
10466 : 00;
10467 : 00;
10468 : 00;
10469 : 00;
10470 : 00;
10471 : 00;
10472 : 00;
10473 : 00;
10474 : 00;
10475 : 00;
10476 : 00;
10477 : 00;
10478 : 00;
10479 : 00;
10480 : 00;
10481 : 00;
10482 : 00;
10483 : 00;
10484 : 00;
10485 : 00;
10486 : 00;
10487 : 00;
10488 : 00;
10489 : 00;
10490 : 00;
10491 : 00;
10492 : 00;
10493 : 00;
10494 : 00;
10495 : 00;
10496 : 00;
10497 : 00;
10498 : 00;
10499 : 00;
10500 : 00;
10501 : 00;
10502 : 00;
10503 : 00;
10504 : 00;
10505 : 00;
10506 : 00;
10507 : 00;
10508 : 00;
10509 : 00;
10510 : 00;
10511 : 00;
10512 : 00;
10513 : 00;
10514 : 00;
10515 : 00;
10516 : 00;
10517 : 00;
10518 : 00;
10519 : 00;
10520 : 00;
10521 : 00;
10522 : 00;
10523 : 00;
10524 : 00;
10525 : 00;
10526 : 00;
10527 : 00;
10528 : 00;
10529 : 00;
10530 : 00;
10531 : 00;
10532 : 00;
10533 : 00;
10534 : 00;
10535 : 00;
10536 : 00;
10537 : 00;
10538 : 00;
10539 : 00;
10540 : 00;
10541 : 00;
10542 : 00;
10543 : 00;
10544 : 00;
10545 : 00;
10546 : 00;
10547 : 00;
10548 : 00;
10549 : 00;
10550 : 00;
10551 : 00;
10552 : 00;
10553 : 00;
10554 : 00;
10555 : 00;
10556 : 00;
10557 : 00;
10558 : 00;
10559 : 00;
10560 : 00;
10561 : 00;
10562 : 00;
10563 : 00;
10564 : 00;
10565 : 00;
10566 : 00;
10567 : 00;
10568 : 00;
10569 : 00;
10570 : 00;
10571 : 00;
10572 : 00;
10573 : 00;
10574 : 00;
10575 : 00;
10576 : 00;
10577 : 00;
10578 : 00;
10579 : 00;
10580 : 00;
10581 : 00;
10582 : 00;
10583 : 00;
10584 : 00;
10585 : 00;
10586 : 00;
10587 : 00;
10588 : 00;
10589 : 00;
10590 : 00;
10591 : 00;
10592 : 00;
10593 : 00;
10594 : 00;
10595 : 00;
10596 : 00;
10597 : 00;
10598 : 00;
10599 : 00;
10600 : 00;
10601 : 00;
10602 : 00;
10603 : 00;
10604 : 00;
10605 : 00;
10606 : 00;
10607 : 00;
10608 : 00;
10609 : 00;
10610 : 00;
10611 : 00;
10612 : 00;
10613 : 00;
10614 : 00;
10615 : 00;
10616 : 00;
10617 : 00;
10618 : 00;
10619 : 00;
10620 : 00;
10621 : 00;
10622 : 00;
10623 : 00;
10624 : 00;
10625 : 00;
10626 : 00;
10627 : 00;
10628 : 00;
10629 : 00;
10630 : 00;
10631 : 00;
10632 : 00;
10633 : 00;
10634 : 00;
10635 : 00;
10636 : 00;
10637 : 00;
10638 : 00;
10639 : 00;
10640 : 00;
10641 : 00;
10642 : 00;
10643 : 00;
10644 : 00;
10645 : 00;
10646 : 00;
10647 : 00;
10648 : 00;
10649 : 00;
10650 : 00;
10651 : 00;
10652 : 00;
10653 : 00;
10654 : 00;
10655 : 00;
10656 : 00;
10657 : 00;
10658 : 00;
10659 : 00;
10660 : 00;
10661 : 00;
10662 : 00;
10663 : 00;
10664 : 00;
10665 : 00;
10666 : 00;
10667 : 00;
10668 : 00;
10669 : 00;
10670 : 00;
10671 : 00;
10672 : 00;
10673 : 00;
10674 : 00;
10675 : 00;
10676 : 00;
10677 : 00;
10678 : 00;
10679 : 00;
10680 : 00;
10681 : 00;
10682 : 00;
10683 : 00;
10684 : 00;
10685 : 00;
10686 : 00;
10687 : 00;
10688 : 00;
10689 : 00;
10690 : 00;
10691 : 00;
10692 : 00;
10693 : 00;
10694 : 00;
10695 : 00;
10696 : 00;
10697 : 00;
10698 : 00;
10699 : 00;
10700 : 00;
10701 : 00;
10702 : 00;
10703 : 00;
10704 : 00;
10705 : 00;
10706 : 00;
10707 : 00;
10708 : 00;
10709 : 00;
10710 : 00;
10711 : 00;
10712 : 00;
10713 : 00;
10714 : 00;
10715 : 00;
10716 : 00;
10717 : 00;
10718 : 00;
10719 : 00;
10720 : 00;
10721 : 00;
10722 : 00;
10723 : 00;
10724 : 00;
10725 : 00;
10726 : 00;
10727 : 00;
10728 : 00;
10729 : 00;
10730 : 00;
10731 : 00;
10732 : 00;
10733 : 00;
10734 : 00;
10735 : 00;
10736 : 00;
10737 : 00;
10738 : 00;
10739 : 00;
10740 : 00;
10741 : 00;
10742 : 00;
10743 : 00;
10744 : 00;
10745 : 00;
10746 : 00;
10747 : 00;
10748 : 00;
10749 : 00;
10750 : 00;
10751 : 00;
10752 : 00;
10753 : 00;
10754 : 00;
10755 : 00;
10756 : 00;
10757 : 00;
10758 : 00;
10759 : 00;
10760 : 00;
10761 : 00;
10762 : 00;
10763 : 00;
10764 : 00;
10765 : 00;
10766 : 00;
10767 : 00;
10768 : 00;
10769 : 00;
10770 : 00;
10771 : 00;
10772 : 00;
10773 : 00;
10774 : 00;
10775 : 00;
10776 : 00;
10777 : 00;
10778 : 00;
10779 : 00;
10780 : 00;
10781 : 00;
10782 : 00;
10783 : 00;
10784 : 00;
10785 : 00;
10786 : 00;
10787 : 00;
10788 : 00;
10789 : 00;
10790 : 00;
10791 : 00;
10792 : 00;
10793 : 00;
10794 : 00;
10795 : 00;
10796 : 00;
10797 : 00;
10798 : 00;
10799 : 00;
10800 : 00;
10801 : 00;
10802 : 00;
10803 : 00;
10804 : 00;
10805 : 00;
10806 : 00;
10807 : 00;
10808 : 00;
10809 : 00;
10810 : 00;
10811 : 00;
10812 : 00;
10813 : 00;
10814 : 00;
10815 : 00;
10816 : 00;
10817 : 00;
10818 : 00;
10819 : 00;
10820 : 00;
10821 : 00;
10822 : 00;
10823 : 00;
10824 : 00;
10825 : 00;
10826 : 00;
10827 : 00;
10828 : 00;
10829 : 00;
10830 : 00;
10831 : 00;
10832 : 00;
10833 : 00;
10834 : 00;
10835 : 00;
10836 : 00;
10837 : 00;
10838 : 00;
10839 : 00;
10840 : 00;
10841 : 00;
10842 : 00;
10843 : 00;
10844 : 00;
10845 : 00;
10846 : 00;
10847 : 00;
10848 : 00;
10849 : 00;
10850 : 00;
10851 : 00;
10852 : 00;
10853 : 00;
10854 : 00;
10855 : 00;
10856 : 00;
10857 : 00;
10858 : 00;
10859 : 00;
10860 : 00;
10861 : 00;
10862 : 00;
10863 : 00;
10864 : 00;
10865 : 00;
10866 : 00;
10867 : 00;
10868 : 00;
10869 : 00;
10870 : 00;
10871 : 00;
10872 : 00;
10873 : 00;
10874 : 00;
10875 : 00;
10876 : 00;
10877 : 00;
10878 : 00;
10879 : 00;
10880 : 00;
10881 : 00;
10882 : 00;
10883 : 00;
10884 : 00;
10885 : 00;
10886 : 00;
10887 : 00;
10888 : 00;
10889 : 00;
10890 : 00;
10891 : 00;
10892 : 00;
10893 : 00;
10894 : 00;
10895 : 00;
10896 : 00;
10897 : 00;
10898 : 00;
10899 : 00;
10900 : 00;
10901 : 00;
10902 : 00;
10903 : 00;
10904 : 00;
10905 : 00;
10906 : 00;
10907 : 00;
10908 : 00;
10909 : 00;
10910 : 00;
10911 : 00;
10912 : 00;
10913 : 00;
10914 : 00;
10915 : 00;
10916 : 00;
10917 : 00;
10918 : 00;
10919 : 00;
10920 : 00;
10921 : 00;
10922 : 00;
10923 : 00;
10924 : 00;
10925 : 00;
10926 : 00;
10927 : 00;
10928 : 00;
10929 : 00;
10930 : 00;
10931 : 00;
10932 : 00;
10933 : 00;
10934 : 00;
10935 : 00;
10936 : 00;
10937 : 00;
10938 : 00;
10939 : 00;
10940 : 00;
10941 : 00;
10942 : 00;
10943 : 00;
10944 : 00;
10945 : 00;
10946 : 00;
10947 : 00;
10948 : 00;
10949 : 00;
10950 : 00;
10951 : 00;
10952 : 00;
10953 : 00;
10954 : 00;
10955 : 00;
10956 : 00;
10957 : 00;
10958 : 00;
10959 : 00;
10960 : 00;
10961 : 00;
10962 : 00;
10963 : 00;
10964 : 00;
10965 : 00;
10966 : 00;
10967 : 00;
10968 : 00;
10969 : 00;
10970 : 00;
10971 : 00;
10972 : 00;
10973 : 00;
10974 : 00;
10975 : 00;
10976 : 00;
10977 : 00;
10978 : 00;
10979 : 00;
10980 : 00;
10981 : 00;
10982 : 00;
10983 : 00;
10984 : 00;
10985 : 00;
10986 : 00;
10987 : 00;
10988 : 00;
10989 : 00;
10990 : 00;
10991 : 00;
10992 : 00;
10993 : 00;
10994 : 00;
10995 : 00;
10996 : 00;
10997 : 00;
10998 : 00;
10999 : 00;
11000 : 00;
11001 : 00;
11002 : 00;
11003 : 00;
11004 : 00;
11005 : 00;
11006 : 00;
11007 : 00;
11008 : 00;
11009 : 00;
11010 : 00;
11011 : 00;
11012 : 00;
11013 : 00;
11014 : 00;
11015 : 00;
11016 : 00;
11017 : 00;
11018 : 00;
11019 : 00;
11020 : 00;
11021 : 00;
11022 : 00;
11023 : 00;
11024 : 00;
11025 : 00;
11026 : 00;
11027 : 00;
11028 : 00;
11029 : 00;
11030 : 00;
11031 : 00;
11032 : 00;
11033 : 00;
11034 : 00;
11035 : 00;
11036 : 00;
11037 : 00;
11038 : 00;
11039 : 00;
11040 : 00;
11041 : 00;
11042 : 00;
11043 : 00;
11044 : 00;
11045 : 00;
11046 : 00;
11047 : 00;
11048 : 00;
11049 : 00;
11050 : 00;
11051 : 00;
11052 : 00;
11053 : 00;
11054 : 00;
11055 : 00;
11056 : 00;
11057 : 00;
11058 : 00;
11059 : 00;
11060 : 00;
11061 : 00;
11062 : 00;
11063 : 00;
11064 : 00;
11065 : 00;
11066 : 00;
11067 : 00;
11068 : 00;
11069 : 00;
11070 : 00;
11071 : 00;
11072 : 00;
11073 : 00;
11074 : 00;
11075 : 00;
11076 : 00;
11077 : 00;
11078 : 00;
11079 : 00;
11080 : 00;
11081 : 00;
11082 : 00;
11083 : 00;
11084 : 00;
11085 : 00;
11086 : 00;
11087 : 00;
11088 : 00;
11089 : 00;
11090 : 00;
11091 : 00;
11092 : 00;
11093 : 00;
11094 : 00;
11095 : 00;
11096 : 00;
11097 : 00;
11098 : 00;
11099 : 00;
11100 : 00;
11101 : 00;
11102 : 00;
11103 : 00;
11104 : 00;
11105 : 00;
11106 : 00;
11107 : 00;
11108 : 00;
11109 : 00;
11110 : 00;
11111 : 00;
11112 : 00;
11113 : 00;
11114 : 00;
11115 : 00;
11116 : 00;
11117 : 00;
11118 : 00;
11119 : 00;
11120 : 00;
11121 : 00;
11122 : 00;
11123 : 00;
11124 : 00;
11125 : 00;
11126 : 00;
11127 : 00;
11128 : 00;
11129 : 00;
11130 : 00;
11131 : 00;
11132 : 00;
11133 : 00;
11134 : 00;
11135 : 00;
11136 : 00;
11137 : 00;
11138 : 00;
11139 : 00;
11140 : 00;
11141 : 00;
11142 : 00;
11143 : 00;
11144 : 00;
11145 : 00;
11146 : 00;
11147 : 00;
11148 : 00;
11149 : 00;
11150 : 00;
11151 : 00;
11152 : 00;
11153 : 00;
11154 : 00;
11155 : 00;
11156 : 00;
11157 : 00;
11158 : 00;
11159 : 00;
11160 : 00;
11161 : 00;
11162 : 00;
11163 : 00;
11164 : 00;
11165 : 00;
11166 : 00;
11167 : 00;
11168 : 00;
11169 : 00;
11170 : 00;
11171 : 00;
11172 : 00;
11173 : 00;
11174 : 00;
11175 : 00;
11176 : 00;
11177 : 00;
11178 : 00;
11179 : 00;
11180 : 00;
11181 : 00;
11182 : 00;
11183 : 00;
11184 : 00;
11185 : 00;
11186 : 00;
11187 : 00;
11188 : 00;
11189 : 00;
11190 : 00;
11191 : 00;
11192 : 00;
11193 : 00;
11194 : 00;
11195 : 00;
11196 : 00;
11197 : 00;
11198 : 00;
11199 : 00;
11200 : 00;
11201 : 00;
11202 : 00;
11203 : 00;
11204 : 00;
11205 : 00;
11206 : 00;
11207 : 00;
11208 : 00;
11209 : 00;
11210 : 00;
11211 : 00;
11212 : 00;
11213 : 00;
11214 : 00;
11215 : 00;
11216 : 00;
11217 : 00;
11218 : 00;
11219 : 00;
11220 : 00;
11221 : 00;
11222 : 00;
11223 : 00;
11224 : 00;
11225 : 00;
11226 : 00;
11227 : 00;
11228 : 00;
11229 : 00;
11230 : 00;
11231 : 00;
11232 : 00;
11233 : 00;
11234 : 00;
11235 : 00;
11236 : 00;
11237 : 00;
11238 : 00;
11239 : 00;
11240 : 00;
11241 : 00;
11242 : 00;
11243 : 00;
11244 : 00;
11245 : 00;
11246 : 00;
11247 : 00;
11248 : 00;
11249 : 00;
11250 : 00;
11251 : 00;
11252 : 00;
11253 : 00;
11254 : 00;
11255 : 00;
11256 : 00;
11257 : 00;
11258 : 00;
11259 : 00;
11260 : 00;
11261 : 00;
11262 : 00;
11263 : 00;
11264 : 00;
11265 : 00;
11266 : 00;
11267 : 00;
11268 : 00;
11269 : 00;
11270 : 00;
11271 : 00;
11272 : 00;
11273 : 00;
11274 : 00;
11275 : 00;
11276 : 00;
11277 : 00;
11278 : 00;
11279 : 00;
11280 : 00;
11281 : 00;
11282 : 00;
11283 : 00;
11284 : 00;
11285 : 00;
11286 : 00;
11287 : 00;
11288 : 00;
11289 : 00;
11290 : 00;
11291 : 00;
11292 : 00;
11293 : 00;
11294 : 00;
11295 : 00;
11296 : 00;
11297 : 00;
11298 : 00;
11299 : 00;
11300 : 00;
11301 : 00;
11302 : 00;
11303 : 00;
11304 : 00;
11305 : 00;
11306 : 00;
11307 : 00;
11308 : 00;
11309 : 00;
11310 : 00;
11311 : 00;
11312 : 00;
11313 : 00;
11314 : 00;
11315 : 00;
11316 : 00;
11317 : 00;
11318 : 00;
11319 : 00;
11320 : 00;
11321 : 00;
11322 : 00;
11323 : 00;
11324 : 00;
11325 : 00;
11326 : 00;
11327 : 00;
11328 : 00;
11329 : 00;
11330 : 00;
11331 : 00;
11332 : 00;
11333 : 00;
11334 : 00;
11335 : 00;
11336 : 00;
11337 : 00;
11338 : 00;
11339 : 00;
11340 : 00;
11341 : 00;
11342 : 00;
11343 : 00;
11344 : 00;
11345 : 00;
11346 : 00;
11347 : 00;
11348 : 00;
11349 : 00;
11350 : 00;
11351 : 00;
11352 : 00;
11353 : 00;
11354 : 00;
11355 : 00;
11356 : 00;
11357 : 00;
11358 : 00;
11359 : 00;
11360 : 00;
11361 : 00;
11362 : 00;
11363 : 00;
11364 : 00;
11365 : 00;
11366 : 00;
11367 : 00;
11368 : 00;
11369 : 00;
11370 : 00;
11371 : 00;
11372 : 00;
11373 : 00;
11374 : 00;
11375 : 00;
11376 : 00;
11377 : 00;
11378 : 00;
11379 : 00;
11380 : 00;
11381 : 00;
11382 : 00;
11383 : 00;
11384 : 00;
11385 : 00;
11386 : 00;
11387 : 00;
11388 : 00;
11389 : 00;
11390 : 00;
11391 : 00;
11392 : 00;
11393 : 00;
11394 : 00;
11395 : 00;
11396 : 00;
11397 : 00;
11398 : 00;
11399 : 00;
11400 : 00;
11401 : 00;
11402 : 00;
11403 : 00;
11404 : 00;
11405 : 00;
11406 : 00;
11407 : 00;
11408 : 00;
11409 : 00;
11410 : 00;
11411 : 00;
11412 : 00;
11413 : 00;
11414 : 00;
11415 : 00;
11416 : 00;
11417 : 00;
11418 : 00;
11419 : 00;
11420 : 00;
11421 : 00;
11422 : 00;
11423 : 00;
11424 : 00;
11425 : 00;
11426 : 00;
11427 : 00;
11428 : 00;
11429 : 00;
11430 : 00;
11431 : 00;
11432 : 00;
11433 : 00;
11434 : 00;
11435 : 00;
11436 : 00;
11437 : 00;
11438 : 00;
11439 : 00;
11440 : 00;
11441 : 00;
11442 : 00;
11443 : 00;
11444 : 00;
11445 : 00;
11446 : 00;
11447 : 00;
11448 : 00;
11449 : 00;
11450 : 00;
11451 : 00;
11452 : 00;
11453 : 00;
11454 : 00;
11455 : 00;
11456 : 00;
11457 : 00;
11458 : 00;
11459 : 00;
11460 : 00;
11461 : 00;
11462 : 00;
11463 : 00;
11464 : 00;
11465 : 00;
11466 : 00;
11467 : 00;
11468 : 00;
11469 : 00;
11470 : 00;
11471 : 00;
11472 : 00;
11473 : 00;
11474 : 00;
11475 : 00;
11476 : 00;
11477 : 00;
11478 : 00;
11479 : 00;
11480 : 00;
11481 : 00;
11482 : 00;
11483 : 00;
11484 : 00;
11485 : 00;
11486 : 00;
11487 : 00;
11488 : 00;
11489 : 00;
11490 : 00;
11491 : 00;
11492 : 00;
11493 : 00;
11494 : 00;
11495 : 00;
11496 : 00;
11497 : 00;
11498 : 00;
11499 : 00;
11500 : 00;
11501 : 00;
11502 : 00;
11503 : 00;
11504 : 00;
11505 : 00;
11506 : 00;
11507 : 00;
11508 : 00;
11509 : 00;
11510 : 00;
11511 : 00;
11512 : 00;
11513 : 00;
11514 : 00;
11515 : 00;
11516 : 00;
11517 : 00;
11518 : 00;
11519 : 00;
11520 : 00;
11521 : 00;
11522 : 00;
11523 : 00;
11524 : 00;
11525 : 00;
11526 : 00;
11527 : 00;
11528 : 00;
11529 : 00;
11530 : 00;
11531 : 00;
11532 : 00;
11533 : 00;
11534 : 00;
11535 : 00;
11536 : 00;
11537 : 00;
11538 : 00;
11539 : 00;
11540 : 00;
11541 : 00;
11542 : 00;
11543 : 00;
11544 : 00;
11545 : 00;
11546 : 00;
11547 : 00;
11548 : 00;
11549 : 00;
11550 : 00;
11551 : 00;
11552 : 00;
11553 : 00;
11554 : 00;
11555 : 00;
11556 : 00;
11557 : 00;
11558 : 00;
11559 : 00;
11560 : 00;
11561 : 00;
11562 : 00;
11563 : 00;
11564 : 00;
11565 : 00;
11566 : 00;
11567 : 00;
11568 : 00;
11569 : 00;
11570 : 00;
11571 : 00;
11572 : 00;
11573 : 00;
11574 : 00;
11575 : 00;
11576 : 00;
11577 : 00;
11578 : 00;
11579 : 00;
11580 : 00;
11581 : 00;
11582 : 00;
11583 : 00;
11584 : 00;
11585 : 00;
11586 : 00;
11587 : 00;
11588 : 00;
11589 : 00;
11590 : 00;
11591 : 00;
11592 : 00;
11593 : 00;
11594 : 00;
11595 : 00;
11596 : 00;
11597 : 00;
11598 : 00;
11599 : 00;
11600 : 00;
11601 : 00;
11602 : 00;
11603 : 00;
11604 : 00;
11605 : 00;
11606 : 00;
11607 : 00;
11608 : 00;
11609 : 00;
11610 : 00;
11611 : 00;
11612 : 00;
11613 : 00;
11614 : 00;
11615 : 00;
11616 : 00;
11617 : 00;
11618 : 00;
11619 : 00;
11620 : 00;
11621 : 00;
11622 : 00;
11623 : 00;
11624 : 00;
11625 : 00;
11626 : 00;
11627 : 00;
11628 : 00;
11629 : 00;
11630 : 00;
11631 : 00;
11632 : 00;
11633 : 00;
11634 : 00;
11635 : 00;
11636 : 00;
11637 : 00;
11638 : 00;
11639 : 00;
11640 : 00;
11641 : 00;
11642 : 00;
11643 : 00;
11644 : 00;
11645 : 00;
11646 : 00;
11647 : 00;
11648 : 00;
11649 : 00;
11650 : 00;
11651 : 00;
11652 : 00;
11653 : 00;
11654 : 00;
11655 : 00;
11656 : 00;
11657 : 00;
11658 : 00;
11659 : 00;
11660 : 00;
11661 : 00;
11662 : 00;
11663 : 00;
11664 : 00;
11665 : 00;
11666 : 00;
11667 : 00;
11668 : 00;
11669 : 00;
11670 : 00;
11671 : 00;
11672 : 00;
11673 : 00;
11674 : 00;
11675 : 00;
11676 : 00;
11677 : 00;
11678 : 00;
11679 : 00;
11680 : 00;
11681 : 00;
11682 : 00;
11683 : 00;
11684 : 00;
11685 : 00;
11686 : 00;
11687 : 00;
11688 : 00;
11689 : 00;
11690 : 00;
11691 : 00;
11692 : 00;
11693 : 00;
11694 : 00;
11695 : 00;
11696 : 00;
11697 : 00;
11698 : 00;
11699 : 00;
11700 : 00;
11701 : 00;
11702 : 00;
11703 : 00;
11704 : 00;
11705 : 00;
11706 : 00;
11707 : 00;
11708 : 00;
11709 : 00;
11710 : 00;
11711 : 00;
11712 : 00;
11713 : 00;
11714 : 00;
11715 : 00;
11716 : 00;
11717 : 00;
11718 : 00;
11719 : 00;
11720 : 00;
11721 : 00;
11722 : 00;
11723 : 00;
11724 : 00;
11725 : 00;
11726 : 00;
11727 : 00;
11728 : 00;
11729 : 00;
11730 : 00;
11731 : 00;
11732 : 00;
11733 : 00;
11734 : 00;
11735 : 00;
11736 : 00;
11737 : 00;
11738 : 00;
11739 : 00;
11740 : 00;
11741 : 00;
11742 : 00;
11743 : 00;
11744 : 00;
11745 : 00;
11746 : 00;
11747 : 00;
11748 : 00;
11749 : 00;
11750 : 00;
11751 : 00;
11752 : 00;
11753 : 00;
11754 : 00;
11755 : 00;
11756 : 00;
11757 : 00;
11758 : 00;
11759 : 00;
11760 : 00;
11761 : 00;
11762 : 00;
11763 : 00;
11764 : 00;
11765 : 00;
11766 : 00;
11767 : 00;
11768 : 00;
11769 : 00;
11770 : 00;
11771 : 00;
11772 : 00;
11773 : 00;
11774 : 00;
11775 : 00;
11776 : 00;
11777 : 00;
11778 : 00;
11779 : 00;
11780 : 00;
11781 : 00;
11782 : 00;
11783 : 00;
11784 : 00;
11785 : 00;
11786 : 00;
11787 : 00;
11788 : 00;
11789 : 00;
11790 : 00;
11791 : 00;
11792 : 00;
11793 : 00;
11794 : 00;
11795 : 00;
11796 : 00;
11797 : 00;
11798 : 00;
11799 : 00;
11800 : 00;
11801 : 00;
11802 : 00;
11803 : 00;
11804 : 00;
11805 : 00;
11806 : 00;
11807 : 00;
11808 : 00;
11809 : 00;
11810 : 00;
11811 : 00;
11812 : 00;
11813 : 00;
11814 : 00;
11815 : 00;
11816 : 00;
11817 : 00;
11818 : 00;
11819 : 00;
11820 : 00;
11821 : 00;
11822 : 00;
11823 : 00;
11824 : 00;
11825 : 00;
11826 : 00;
11827 : 00;
11828 : 00;
11829 : 00;
11830 : 00;
11831 : 00;
11832 : 00;
11833 : 00;
11834 : 00;
11835 : 00;
11836 : 00;
11837 : 00;
11838 : 00;
11839 : 00;
11840 : 00;
11841 : 00;
11842 : 00;
11843 : 00;
11844 : 00;
11845 : 00;
11846 : 00;
11847 : 00;
11848 : 00;
11849 : 00;
11850 : 00;
11851 : 00;
11852 : 00;
11853 : 00;
11854 : 00;
11855 : 00;
11856 : 00;
11857 : 00;
11858 : 00;
11859 : 00;
11860 : 00;
11861 : 00;
11862 : 00;
11863 : 00;
11864 : 00;
11865 : 00;
11866 : 00;
11867 : 00;
11868 : 00;
11869 : 00;
11870 : 00;
11871 : 00;
11872 : 00;
11873 : 00;
11874 : 00;
11875 : 00;
11876 : 00;
11877 : 00;
11878 : 00;
11879 : 00;
11880 : 00;
11881 : 00;
11882 : 00;
11883 : 00;
11884 : 00;
11885 : 00;
11886 : 00;
11887 : 00;
11888 : 00;
11889 : 00;
11890 : 00;
11891 : 00;
11892 : 00;
11893 : 00;
11894 : 00;
11895 : 00;
11896 : 00;
11897 : 00;
11898 : 00;
11899 : 00;
11900 : 00;
11901 : 00;
11902 : 00;
11903 : 00;
11904 : 00;
11905 : 00;
11906 : 00;
11907 : 00;
11908 : 00;
11909 : 00;
11910 : 00;
11911 : 00;
11912 : 00;
11913 : 00;
11914 : 00;
11915 : 00;
11916 : 00;
11917 : 00;
11918 : 00;
11919 : 00;
11920 : 00;
11921 : 00;
11922 : 00;
11923 : 00;
11924 : 00;
11925 : 00;
11926 : 00;
11927 : 00;
11928 : 00;
11929 : 00;
11930 : 00;
11931 : 00;
11932 : 00;
11933 : 00;
11934 : 00;
11935 : 00;
11936 : 00;
11937 : 00;
11938 : 00;
11939 : 00;
11940 : 00;
11941 : 00;
11942 : 00;
11943 : 00;
11944 : 00;
11945 : 00;
11946 : 00;
11947 : 00;
11948 : 00;
11949 : 00;
11950 : 00;
11951 : 00;
11952 : 00;
11953 : 00;
11954 : 00;
11955 : 00;
11956 : 00;
11957 : 00;
11958 : 00;
11959 : 00;
11960 : 00;
11961 : 00;
11962 : 00;
11963 : 00;
11964 : 00;
11965 : 00;
11966 : 00;
11967 : 00;
11968 : 00;
11969 : 00;
11970 : 00;
11971 : 00;
11972 : 00;
11973 : 00;
11974 : 00;
11975 : 00;
11976 : 00;
11977 : 00;
11978 : 00;
11979 : 00;
11980 : 00;
11981 : 00;
11982 : 00;
11983 : 00;
11984 : 00;
11985 : 00;
11986 : 00;
11987 : 00;
11988 : 00;
11989 : 00;
11990 : 00;
11991 : 00;
11992 : 00;
11993 : 00;
11994 : 00;
11995 : 00;
11996 : 00;
11997 : 00;
11998 : 00;
11999 : 00;
12000 : 00;
12001 : 00;
12002 : 00;
12003 : 00;
12004 : 00;
12005 : 00;
12006 : 00;
12007 : 00;
12008 : 00;
12009 : 00;
12010 : 00;
12011 : 00;
12012 : 00;
12013 : 00;
12014 : 00;
12015 : 00;
12016 : 00;
12017 : 00;
12018 : 00;
12019 : 00;
12020 : 00;
12021 : 00;
12022 : 00;
12023 : 00;
12024 : 00;
12025 : 00;
12026 : 00;
12027 : 00;
12028 : 00;
12029 : 00;
12030 : 00;
12031 : 00;
12032 : 00;
12033 : 00;
12034 : 00;
12035 : 00;
12036 : 00;
12037 : 00;
12038 : 00;
12039 : 00;
12040 : 00;
12041 : 00;
12042 : 00;
12043 : 00;
12044 : 00;
12045 : 00;
12046 : 00;
12047 : 00;
12048 : 00;
12049 : 00;
12050 : 00;
12051 : 00;
12052 : 00;
12053 : 00;
12054 : 00;
12055 : 00;
12056 : 00;
12057 : 00;
12058 : 00;
12059 : 00;
12060 : 00;
12061 : 00;
12062 : 00;
12063 : 00;
12064 : 00;
12065 : 00;
12066 : 00;
12067 : 00;
12068 : 00;
12069 : 00;
12070 : 00;
12071 : 00;
12072 : 00;
12073 : 00;
12074 : 00;
12075 : 00;
12076 : 00;
12077 : 00;
12078 : 00;
12079 : 00;
12080 : 00;
12081 : 00;
12082 : 00;
12083 : 00;
12084 : 00;
12085 : 00;
12086 : 00;
12087 : 00;
12088 : 00;
12089 : 00;
12090 : 00;
12091 : 00;
12092 : 00;
12093 : 00;
12094 : 00;
12095 : 00;
12096 : 00;
12097 : 00;
12098 : 00;
12099 : 00;
12100 : 00;
12101 : 00;
12102 : 00;
12103 : 00;
12104 : 00;
12105 : 00;
12106 : 00;
12107 : 00;
12108 : 00;
12109 : 00;
12110 : 00;
12111 : 00;
12112 : 00;
12113 : 00;
12114 : 00;
12115 : 00;
12116 : 00;
12117 : 00;
12118 : 00;
12119 : 00;
12120 : 00;
12121 : 00;
12122 : 00;
12123 : 00;
12124 : 00;
12125 : 00;
12126 : 00;
12127 : 00;
12128 : 00;
12129 : 00;
12130 : 00;
12131 : 00;
12132 : 00;
12133 : 00;
12134 : 00;
12135 : 00;
12136 : 00;
12137 : 00;
12138 : 00;
12139 : 00;
12140 : 00;
12141 : 00;
12142 : 00;
12143 : 00;
12144 : 00;
12145 : 00;
12146 : 00;
12147 : 00;
12148 : 00;
12149 : 00;
12150 : 00;
12151 : 00;
12152 : 00;
12153 : 00;
12154 : 00;
12155 : 00;
12156 : 00;
12157 : 00;
12158 : 00;
12159 : 00;
12160 : 00;
12161 : 00;
12162 : 00;
12163 : 00;
12164 : 00;
12165 : 00;
12166 : 00;
12167 : 00;
12168 : 00;
12169 : 00;
12170 : 00;
12171 : 00;
12172 : 00;
12173 : 00;
12174 : 00;
12175 : 00;
12176 : 00;
12177 : 00;
12178 : 00;
12179 : 00;
12180 : 00;
12181 : 00;
12182 : 00;
12183 : 00;
12184 : 00;
12185 : 00;
12186 : 00;
12187 : 00;
12188 : 00;
12189 : 00;
12190 : 00;
12191 : 00;
12192 : 00;
12193 : 00;
12194 : 00;
12195 : 00;
12196 : 00;
12197 : 00;
12198 : 00;
12199 : 00;
12200 : 00;
12201 : 00;
12202 : 00;
12203 : 00;
12204 : 00;
12205 : 00;
12206 : 00;
12207 : 00;
12208 : 00;
12209 : 00;
12210 : 00;
12211 : 00;
12212 : 00;
12213 : 00;
12214 : 00;
12215 : 00;
12216 : 00;
12217 : 00;
12218 : 00;
12219 : 00;
12220 : 00;
12221 : 00;
12222 : 00;
12223 : 00;
12224 : 00;
12225 : 00;
12226 : 00;
12227 : 00;
12228 : 00;
12229 : 00;
12230 : 00;
12231 : 00;
12232 : 00;
12233 : 00;
12234 : 00;
12235 : 00;
12236 : 00;
12237 : 00;
12238 : 00;
12239 : 00;
12240 : 00;
12241 : 00;
12242 : 00;
12243 : 00;
12244 : 00;
12245 : 00;
12246 : 00;
12247 : 00;
12248 : 00;
12249 : 00;
12250 : 00;
12251 : 00;
12252 : 00;
12253 : 00;
12254 : 00;
12255 : 00;
12256 : 00;
12257 : 00;
12258 : 00;
12259 : 00;
12260 : 00;
12261 : 00;
12262 : 00;
12263 : 00;
12264 : 00;
12265 : 00;
12266 : 00;
12267 : 00;
12268 : 00;
12269 : 00;
12270 : 00;
12271 : 00;
12272 : 00;
12273 : 00;
12274 : 00;
12275 : 00;
12276 : 00;
12277 : 00;
12278 : 00;
12279 : 00;
12280 : 00;
12281 : 00;
12282 : 00;
12283 : 00;
12284 : 00;
12285 : 00;
12286 : 00;
12287 : 00;
12288 : 00;
12289 : 00;
12290 : 00;
12291 : 00;
12292 : 00;
12293 : 00;
12294 : 00;
12295 : 00;
12296 : 00;
12297 : 00;
12298 : 00;
12299 : 00;
12300 : 00;
12301 : 00;
12302 : 00;
12303 : 00;
12304 : 00;
12305 : 00;
12306 : 00;
12307 : 00;
12308 : 00;
12309 : 00;
12310 : 00;
12311 : 00;
12312 : 00;
12313 : 00;
12314 : 00;
12315 : 00;
12316 : 00;
12317 : 00;
12318 : 00;
12319 : 00;
12320 : 00;
12321 : 00;
12322 : 00;
12323 : 00;
12324 : 00;
12325 : 00;
12326 : 00;
12327 : 00;
12328 : 00;
12329 : 00;
12330 : 00;
12331 : 00;
12332 : 00;
12333 : 00;
12334 : 00;
12335 : 00;
12336 : 00;
12337 : 00;
12338 : 00;
12339 : 00;
12340 : 00;
12341 : 00;
12342 : 00;
12343 : 00;
12344 : 00;
12345 : 00;
12346 : 00;
12347 : 00;
12348 : 00;
12349 : 00;
12350 : 00;
12351 : 00;
12352 : 00;
12353 : 00;
12354 : 00;
12355 : 00;
12356 : 00;
12357 : 00;
12358 : 00;
12359 : 00;
12360 : 00;
12361 : 00;
12362 : 00;
12363 : 00;
12364 : 00;
12365 : 00;
12366 : 00;
12367 : 00;
12368 : 00;
12369 : 00;
12370 : 00;
12371 : 00;
12372 : 00;
12373 : 00;
12374 : 00;
12375 : 00;
12376 : 00;
12377 : 00;
12378 : 00;
12379 : 00;
12380 : 00;
12381 : 00;
12382 : 00;
12383 : 00;
12384 : 00;
12385 : 00;
12386 : 00;
12387 : 00;
12388 : 00;
12389 : 00;
12390 : 00;
12391 : 00;
12392 : 00;
12393 : 00;
12394 : 00;
12395 : 00;
12396 : 00;
12397 : 00;
12398 : 00;
12399 : 00;
12400 : 00;
12401 : 00;
12402 : 00;
12403 : 00;
12404 : 00;
12405 : 00;
12406 : 00;
12407 : 00;
12408 : 00;
12409 : 00;
12410 : 00;
12411 : 00;
12412 : 00;
12413 : 00;
12414 : 00;
12415 : 00;
12416 : 00;
12417 : 00;
12418 : 00;
12419 : 00;
12420 : 00;
12421 : 00;
12422 : 00;
12423 : 00;
12424 : 00;
12425 : 00;
12426 : 00;
12427 : 00;
12428 : 00;
12429 : 00;
12430 : 00;
12431 : 00;
12432 : 00;
12433 : 00;
12434 : 00;
12435 : 00;
12436 : 00;
12437 : 00;
12438 : 00;
12439 : 00;
12440 : 00;
12441 : 00;
12442 : 00;
12443 : 00;
12444 : 00;
12445 : 00;
12446 : 00;
12447 : 00;
12448 : 00;
12449 : 00;
12450 : 00;
12451 : 00;
12452 : 00;
12453 : 00;
12454 : 00;
12455 : 00;
12456 : 00;
12457 : 00;
12458 : 00;
12459 : 00;
12460 : 00;
12461 : 00;
12462 : 00;
12463 : 00;
12464 : 00;
12465 : 00;
12466 : 00;
12467 : 00;
12468 : 00;
12469 : 00;
12470 : 00;
12471 : 00;
12472 : 00;
12473 : 00;
12474 : 00;
12475 : 00;
12476 : 00;
12477 : 00;
12478 : 00;
12479 : 00;
12480 : 00;
12481 : 00;
12482 : 00;
12483 : 00;
12484 : 00;
12485 : 00;
12486 : 00;
12487 : 00;
12488 : 00;
12489 : 00;
12490 : 00;
12491 : 00;
12492 : 00;
12493 : 00;
12494 : 00;
12495 : 00;
12496 : 00;
12497 : 00;
12498 : 00;
12499 : 00;
12500 : 00;
12501 : 00;
12502 : 00;
12503 : 00;
12504 : 00;
12505 : 00;
12506 : 00;
12507 : 00;
12508 : 00;
12509 : 00;
12510 : 00;
12511 : 00;
12512 : 00;
12513 : 00;
12514 : 00;
12515 : 00;
12516 : 00;
12517 : 00;
12518 : 00;
12519 : 00;
12520 : 00;
12521 : 00;
12522 : 00;
12523 : 00;
12524 : 00;
12525 : 00;
12526 : 00;
12527 : 00;
12528 : 00;
12529 : 00;
12530 : 00;
12531 : 00;
12532 : 00;
12533 : 00;
12534 : 00;
12535 : 00;
12536 : 00;
12537 : 00;
12538 : 00;
12539 : 00;
12540 : 00;
12541 : 00;
12542 : 00;
12543 : 00;
12544 : 00;
12545 : 00;
12546 : 00;
12547 : 00;
12548 : 00;
12549 : 00;
12550 : 00;
12551 : 00;
12552 : 00;
12553 : 00;
12554 : 00;
12555 : 00;
12556 : 00;
12557 : 00;
12558 : 00;
12559 : 00;
12560 : 00;
12561 : 00;
12562 : 00;
12563 : 00;
12564 : 00;
12565 : 00;
12566 : 00;
12567 : 00;
12568 : 00;
12569 : 00;
12570 : 00;
12571 : 00;
12572 : 00;
12573 : 00;
12574 : 00;
12575 : 00;
12576 : 00;
12577 : 00;
12578 : 00;
12579 : 00;
12580 : 00;
12581 : 00;
12582 : 00;
12583 : 00;
12584 : 00;
12585 : 00;
12586 : 00;
12587 : 00;
12588 : 00;
12589 : 00;
12590 : 00;
12591 : 00;
12592 : 00;
12593 : 00;
12594 : 00;
12595 : 00;
12596 : 00;
12597 : 00;
12598 : 00;
12599 : 00;
12600 : 00;
12601 : 00;
12602 : 00;
12603 : 00;
12604 : 00;
12605 : 00;
12606 : 00;
12607 : 00;
12608 : 00;
12609 : 00;
12610 : 00;
12611 : 00;
12612 : 00;
12613 : 00;
12614 : 00;
12615 : 00;
12616 : 00;
12617 : 00;
12618 : 00;
12619 : 00;
12620 : 00;
12621 : 00;
12622 : 00;
12623 : 00;
12624 : 00;
12625 : 00;
12626 : 00;
12627 : 00;
12628 : 00;
12629 : 00;
12630 : 00;
12631 : 00;
12632 : 00;
12633 : 00;
12634 : 00;
12635 : 00;
12636 : 00;
12637 : 00;
12638 : 00;
12639 : 00;
12640 : 00;
12641 : 00;
12642 : 00;
12643 : 00;
12644 : 00;
12645 : 00;
12646 : 00;
12647 : 00;
12648 : 00;
12649 : 00;
12650 : 00;
12651 : 00;
12652 : 00;
12653 : 00;
12654 : 00;
12655 : 00;
12656 : 00;
12657 : 00;
12658 : 00;
12659 : 00;
12660 : 00;
12661 : 00;
12662 : 00;
12663 : 00;
12664 : 00;
12665 : 00;
12666 : 00;
12667 : 00;
12668 : 00;
12669 : 00;
12670 : 00;
12671 : 00;
12672 : 00;
12673 : 00;
12674 : 00;
12675 : 00;
12676 : 00;
12677 : 00;
12678 : 00;
12679 : 00;
12680 : 00;
12681 : 00;
12682 : 00;
12683 : 00;
12684 : 00;
12685 : 00;
12686 : 00;
12687 : 00;
12688 : 00;
12689 : 00;
12690 : 00;
12691 : 00;
12692 : 00;
12693 : 00;
12694 : 00;
12695 : 00;
12696 : 00;
12697 : 00;
12698 : 00;
12699 : 00;
12700 : 00;
12701 : 00;
12702 : 00;
12703 : 00;
12704 : 00;
12705 : 00;
12706 : 00;
12707 : 00;
12708 : 00;
12709 : 00;
12710 : 00;
12711 : 00;
12712 : 00;
12713 : 00;
12714 : 00;
12715 : 00;
12716 : 00;
12717 : 00;
12718 : 00;
12719 : 00;
12720 : 00;
12721 : 00;
12722 : 00;
12723 : 00;
12724 : 00;
12725 : 00;
12726 : 00;
12727 : 00;
12728 : 00;
12729 : 00;
12730 : 00;
12731 : 00;
12732 : 00;
12733 : 00;
12734 : 00;
12735 : 00;
12736 : 00;
12737 : 00;
12738 : 00;
12739 : 00;
12740 : 00;
12741 : 00;
12742 : 00;
12743 : 00;
12744 : 00;
12745 : 00;
12746 : 00;
12747 : 00;
12748 : 00;
12749 : 00;
12750 : 00;
12751 : 00;
12752 : 00;
12753 : 00;
12754 : 00;
12755 : 00;
12756 : 00;
12757 : 00;
12758 : 00;
12759 : 00;
12760 : 00;
12761 : 00;
12762 : 00;
12763 : 00;
12764 : 00;
12765 : 00;
12766 : 00;
12767 : 00;
12768 : 00;
12769 : 00;
12770 : 00;
12771 : 00;
12772 : 00;
12773 : 00;
12774 : 00;
12775 : 00;
12776 : 00;
12777 : 00;
12778 : 00;
12779 : 00;
12780 : 00;
12781 : 00;
12782 : 00;
12783 : 00;
12784 : 00;
12785 : 00;
12786 : 00;
12787 : 00;
12788 : 00;
12789 : 00;
12790 : 00;
12791 : 00;
12792 : 00;
12793 : 00;
12794 : 00;
12795 : 00;
12796 : 00;
12797 : 00;
12798 : 00;
12799 : 00;
12800 : 00;
12801 : 00;
12802 : 00;
12803 : 00;
12804 : 00;
12805 : 00;
12806 : 00;
12807 : 00;
12808 : 00;
12809 : 00;
12810 : 00;
12811 : 00;
12812 : 00;
12813 : 00;
12814 : 00;
12815 : 00;
12816 : 00;
12817 : 00;
12818 : 00;
12819 : 00;
12820 : 00;
12821 : 00;
12822 : 00;
12823 : 00;
12824 : 00;
12825 : 00;
12826 : 00;
12827 : 00;
12828 : 00;
12829 : 00;
12830 : 00;
12831 : 00;
12832 : 00;
12833 : 00;
12834 : 00;
12835 : 00;
12836 : 00;
12837 : 00;
12838 : 00;
12839 : 00;
12840 : 00;
12841 : 00;
12842 : 00;
12843 : 00;
12844 : 00;
12845 : 00;
12846 : 00;
12847 : 00;
12848 : 00;
12849 : 00;
12850 : 00;
12851 : 00;
12852 : 00;
12853 : 00;
12854 : 00;
12855 : 00;
12856 : 00;
12857 : 00;
12858 : 00;
12859 : 00;
12860 : 00;
12861 : 00;
12862 : 00;
12863 : 00;
12864 : 00;
12865 : 00;
12866 : 00;
12867 : 00;
12868 : 00;
12869 : 00;
12870 : 00;
12871 : 00;
12872 : 00;
12873 : 00;
12874 : 00;
12875 : 00;
12876 : 00;
12877 : 00;
12878 : 00;
12879 : 00;
12880 : 00;
12881 : 00;
12882 : 00;
12883 : 00;
12884 : 00;
12885 : 00;
12886 : 00;
12887 : 00;
12888 : 00;
12889 : 00;
12890 : 00;
12891 : 00;
12892 : 00;
12893 : 00;
12894 : 00;
12895 : 00;
12896 : 00;
12897 : 00;
12898 : 00;
12899 : 00;
12900 : 00;
12901 : 00;
12902 : 00;
12903 : 00;
12904 : 00;
12905 : 00;
12906 : 00;
12907 : 00;
12908 : 00;
12909 : 00;
12910 : 00;
12911 : 00;
12912 : 00;
12913 : 00;
12914 : 00;
12915 : 00;
12916 : 00;
12917 : 00;
12918 : 00;
12919 : 00;
12920 : 00;
12921 : 00;
12922 : 00;
12923 : 00;
12924 : 00;
12925 : 00;
12926 : 00;
12927 : 00;
12928 : 00;
12929 : 00;
12930 : 00;
12931 : 00;
12932 : 00;
12933 : 00;
12934 : 00;
12935 : 00;
12936 : 00;
12937 : 00;
12938 : 00;
12939 : 00;
12940 : 00;
12941 : 00;
12942 : 00;
12943 : 00;
12944 : 00;
12945 : 00;
12946 : 00;
12947 : 00;
12948 : 00;
12949 : 00;
12950 : 00;
12951 : 00;
12952 : 00;
12953 : 00;
12954 : 00;
12955 : 00;
12956 : 00;
12957 : 00;
12958 : 00;
12959 : 00;
12960 : 00;
12961 : 00;
12962 : 00;
12963 : 00;
12964 : 00;
12965 : 00;
12966 : 00;
12967 : 00;
12968 : 00;
12969 : 00;
12970 : 00;
12971 : 00;
12972 : 00;
12973 : 00;
12974 : 00;
12975 : 00;
12976 : 00;
12977 : 00;
12978 : 00;
12979 : 00;
12980 : 00;
12981 : 00;
12982 : 00;
12983 : 00;
12984 : 00;
12985 : 00;
12986 : 00;
12987 : 00;
12988 : 00;
12989 : 00;
12990 : 00;
12991 : 00;
12992 : 00;
12993 : 00;
12994 : 00;
12995 : 00;
12996 : 00;
12997 : 00;
12998 : 00;
12999 : 00;
13000 : 00;
13001 : 00;
13002 : 00;
13003 : 00;
13004 : 00;
13005 : 00;
13006 : 00;
13007 : 00;
13008 : 00;
13009 : 00;
13010 : 00;
13011 : 00;
13012 : 00;
13013 : 00;
13014 : 00;
13015 : 00;
13016 : 00;
13017 : 00;
13018 : 00;
13019 : 00;
13020 : 00;
13021 : 00;
13022 : 00;
13023 : 00;
13024 : 00;
13025 : 00;
13026 : 00;
13027 : 00;
13028 : 00;
13029 : 00;
13030 : 00;
13031 : 00;
13032 : 00;
13033 : 00;
13034 : 00;
13035 : 00;
13036 : 00;
13037 : 00;
13038 : 00;
13039 : 00;
13040 : 00;
13041 : 00;
13042 : 00;
13043 : 00;
13044 : 00;
13045 : 00;
13046 : 00;
13047 : 00;
13048 : 00;
13049 : 00;
13050 : 00;
13051 : 00;
13052 : 00;
13053 : 00;
13054 : 00;
13055 : 00;
13056 : 00;
13057 : 00;
13058 : 00;
13059 : 00;
13060 : 00;
13061 : 00;
13062 : 00;
13063 : 00;
13064 : 00;
13065 : 00;
13066 : 00;
13067 : 00;
13068 : 00;
13069 : 00;
13070 : 00;
13071 : 00;
13072 : 00;
13073 : 00;
13074 : 00;
13075 : 00;
13076 : 00;
13077 : 00;
13078 : 00;
13079 : 00;
13080 : 00;
13081 : 00;
13082 : 00;
13083 : 00;
13084 : 00;
13085 : 00;
13086 : 00;
13087 : 00;
13088 : 00;
13089 : 00;
13090 : 00;
13091 : 00;
13092 : 00;
13093 : 00;
13094 : 00;
13095 : 00;
13096 : 00;
13097 : 00;
13098 : 00;
13099 : 00;
13100 : 00;
13101 : 00;
13102 : 00;
13103 : 00;
13104 : 00;
13105 : 00;
13106 : 00;
13107 : 00;
13108 : 00;
13109 : 00;
13110 : 00;
13111 : 00;
13112 : 00;
13113 : 00;
13114 : 00;
13115 : 00;
13116 : 00;
13117 : 00;
13118 : 00;
13119 : 00;
13120 : 00;
13121 : 00;
13122 : 00;
13123 : 00;
13124 : 00;
13125 : 00;
13126 : 00;
13127 : 00;
13128 : 00;
13129 : 00;
13130 : 00;
13131 : 00;
13132 : 00;
13133 : 00;
13134 : 00;
13135 : 00;
13136 : 00;
13137 : 00;
13138 : 00;
13139 : 00;
13140 : 00;
13141 : 00;
13142 : 00;
13143 : 00;
13144 : 00;
13145 : 00;
13146 : 00;
13147 : 00;
13148 : 00;
13149 : 00;
13150 : 00;
13151 : 00;
13152 : 00;
13153 : 00;
13154 : 00;
13155 : 00;
13156 : 00;
13157 : 00;
13158 : 00;
13159 : 00;
13160 : 00;
13161 : 00;
13162 : 00;
13163 : 00;
13164 : 00;
13165 : 00;
13166 : 00;
13167 : 00;
13168 : 00;
13169 : 00;
13170 : 00;
13171 : 00;
13172 : 00;
13173 : 00;
13174 : 00;
13175 : 00;
13176 : 00;
13177 : 00;
13178 : 00;
13179 : 00;
13180 : 00;
13181 : 00;
13182 : 00;
13183 : 00;
13184 : 00;
13185 : 00;
13186 : 00;
13187 : 00;
13188 : 00;
13189 : 00;
13190 : 00;
13191 : 00;
13192 : 00;
13193 : 00;
13194 : 00;
13195 : 00;
13196 : 00;
13197 : 00;
13198 : 00;
13199 : 00;
13200 : 00;
13201 : 00;
13202 : 00;
13203 : 00;
13204 : 00;
13205 : 00;
13206 : 00;
13207 : 00;
13208 : 00;
13209 : 00;
13210 : 00;
13211 : 00;
13212 : 00;
13213 : 00;
13214 : 00;
13215 : 00;
13216 : 00;
13217 : 00;
13218 : 00;
13219 : 00;
13220 : 00;
13221 : 00;
13222 : 00;
13223 : 00;
13224 : 00;
13225 : 00;
13226 : 00;
13227 : 00;
13228 : 00;
13229 : 00;
13230 : 00;
13231 : 00;
13232 : 00;
13233 : 00;
13234 : 00;
13235 : 00;
13236 : 00;
13237 : 00;
13238 : 00;
13239 : 00;
13240 : 00;
13241 : 00;
13242 : 00;
13243 : 00;
13244 : 00;
13245 : 00;
13246 : 00;
13247 : 00;
13248 : 00;
13249 : 00;
13250 : 00;
13251 : 00;
13252 : 00;
13253 : 00;
13254 : 00;
13255 : 00;
13256 : 00;
13257 : 00;
13258 : 00;
13259 : 00;
13260 : 00;
13261 : 00;
13262 : 00;
13263 : 00;
13264 : 00;
13265 : 00;
13266 : 00;
13267 : 00;
13268 : 00;
13269 : 00;
13270 : 00;
13271 : 00;
13272 : 00;
13273 : 00;
13274 : 00;
13275 : 00;
13276 : 00;
13277 : 00;
13278 : 00;
13279 : 00;
13280 : 00;
13281 : 00;
13282 : 00;
13283 : 00;
13284 : 00;
13285 : 00;
13286 : 00;
13287 : 00;
13288 : 00;
13289 : 00;
13290 : 00;
13291 : 00;
13292 : 00;
13293 : 00;
13294 : 00;
13295 : 00;
13296 : 00;
13297 : 00;
13298 : 00;
13299 : 00;
13300 : 00;
13301 : 00;
13302 : 00;
13303 : 00;
13304 : 00;
13305 : 00;
13306 : 00;
13307 : 00;
13308 : 00;
13309 : 00;
13310 : 00;
13311 : 00;
13312 : 00;
13313 : 00;
13314 : 00;
13315 : 00;
13316 : 00;
13317 : 00;
13318 : 00;
13319 : 00;
13320 : 00;
13321 : 00;
13322 : 00;
13323 : 00;
13324 : 00;
13325 : 00;
13326 : 00;
13327 : 00;
13328 : 00;
13329 : 00;
13330 : 00;
13331 : 00;
13332 : 00;
13333 : 00;
13334 : 00;
13335 : 00;
13336 : 00;
13337 : 00;
13338 : 00;
13339 : 00;
13340 : 00;
13341 : 00;
13342 : 00;
13343 : 00;
13344 : 00;
13345 : 00;
13346 : 00;
13347 : 00;
13348 : 00;
13349 : 00;
13350 : 00;
13351 : 00;
13352 : 00;
13353 : 00;
13354 : 00;
13355 : 00;
13356 : 00;
13357 : 00;
13358 : 00;
13359 : 00;
13360 : 00;
13361 : 00;
13362 : 00;
13363 : 00;
13364 : 00;
13365 : 00;
13366 : 00;
13367 : 00;
13368 : 00;
13369 : 00;
13370 : 00;
13371 : 00;
13372 : 00;
13373 : 00;
13374 : 00;
13375 : 00;
13376 : 00;
13377 : 00;
13378 : 00;
13379 : 00;
13380 : 00;
13381 : 00;
13382 : 00;
13383 : 00;
13384 : 00;
13385 : 00;
13386 : 00;
13387 : 00;
13388 : 00;
13389 : 00;
13390 : 00;
13391 : 00;
13392 : 00;
13393 : 00;
13394 : 00;
13395 : 00;
13396 : 00;
13397 : 00;
13398 : 00;
13399 : 00;
13400 : 00;
13401 : 00;
13402 : 00;
13403 : 00;
13404 : 00;
13405 : 00;
13406 : 00;
13407 : 00;
13408 : 00;
13409 : 00;
13410 : 00;
13411 : 00;
13412 : 00;
13413 : 00;
13414 : 00;
13415 : 00;
13416 : 00;
13417 : 00;
13418 : 00;
13419 : 00;
13420 : 00;
13421 : 00;
13422 : 00;
13423 : 00;
13424 : 00;
13425 : 00;
13426 : 00;
13427 : 00;
13428 : 00;
13429 : 00;
13430 : 00;
13431 : 00;
13432 : 00;
13433 : 00;
13434 : 00;
13435 : 00;
13436 : 00;
13437 : 00;
13438 : 00;
13439 : 00;
13440 : 00;
13441 : 00;
13442 : 00;
13443 : 00;
13444 : 00;
13445 : 00;
13446 : 00;
13447 : 00;
13448 : 00;
13449 : 00;
13450 : 00;
13451 : 00;
13452 : 00;
13453 : 00;
13454 : 00;
13455 : 00;
13456 : 00;
13457 : 00;
13458 : 00;
13459 : 00;
13460 : 00;
13461 : 00;
13462 : 00;
13463 : 00;
13464 : 00;
13465 : 00;
13466 : 00;
13467 : 00;
13468 : 00;
13469 : 00;
13470 : 00;
13471 : 00;
13472 : 00;
13473 : 00;
13474 : 00;
13475 : 00;
13476 : 00;
13477 : 00;
13478 : 00;
13479 : 00;
13480 : 00;
13481 : 00;
13482 : 00;
13483 : 00;
13484 : 00;
13485 : 00;
13486 : 00;
13487 : 00;
13488 : 00;
13489 : 00;
13490 : 00;
13491 : 00;
13492 : 00;
13493 : 00;
13494 : 00;
13495 : 00;
13496 : 00;
13497 : 00;
13498 : 00;
13499 : 00;
13500 : 00;
13501 : 00;
13502 : 00;
13503 : 00;
13504 : 00;
13505 : 00;
13506 : 00;
13507 : 00;
13508 : 00;
13509 : 00;
13510 : 00;
13511 : 00;
13512 : 00;
13513 : 00;
13514 : 00;
13515 : 00;
13516 : 00;
13517 : 00;
13518 : 00;
13519 : 00;
13520 : 00;
13521 : 00;
13522 : 00;
13523 : 00;
13524 : 00;
13525 : 00;
13526 : 00;
13527 : 00;
13528 : 00;
13529 : 00;
13530 : 00;
13531 : 00;
13532 : 00;
13533 : 00;
13534 : 00;
13535 : 00;
13536 : 00;
13537 : 00;
13538 : 00;
13539 : 00;
13540 : 00;
13541 : 00;
13542 : 00;
13543 : 00;
13544 : 00;
13545 : 00;
13546 : 00;
13547 : 00;
13548 : 00;
13549 : 00;
13550 : 00;
13551 : 00;
13552 : 00;
13553 : 00;
13554 : 00;
13555 : 00;
13556 : 00;
13557 : 00;
13558 : 00;
13559 : 00;
13560 : 00;
13561 : 00;
13562 : 00;
13563 : 00;
13564 : 00;
13565 : 00;
13566 : 00;
13567 : 00;
13568 : 00;
13569 : 00;
13570 : 00;
13571 : 00;
13572 : 00;
13573 : 00;
13574 : 00;
13575 : 00;
13576 : 00;
13577 : 00;
13578 : 00;
13579 : 00;
13580 : 00;
13581 : 00;
13582 : 00;
13583 : 00;
13584 : 00;
13585 : 00;
13586 : 00;
13587 : 00;
13588 : 00;
13589 : 00;
13590 : 00;
13591 : 00;
13592 : 00;
13593 : 00;
13594 : 00;
13595 : 00;
13596 : 00;
13597 : 00;
13598 : 00;
13599 : 00;
13600 : 00;
13601 : 00;
13602 : 00;
13603 : 00;
13604 : 00;
13605 : 00;
13606 : 00;
13607 : 00;
13608 : 00;
13609 : 00;
13610 : 00;
13611 : 00;
13612 : 00;
13613 : 00;
13614 : 00;
13615 : 00;
13616 : 00;
13617 : 00;
13618 : 00;
13619 : 00;
13620 : 00;
13621 : 00;
13622 : 00;
13623 : 00;
13624 : 00;
13625 : 00;
13626 : 00;
13627 : 00;
13628 : 00;
13629 : 00;
13630 : 00;
13631 : 00;
13632 : 00;
13633 : 00;
13634 : 00;
13635 : 00;
13636 : 00;
13637 : 00;
13638 : 00;
13639 : 00;
13640 : 00;
13641 : 00;
13642 : 00;
13643 : 00;
13644 : 00;
13645 : 00;
13646 : 00;
13647 : 00;
13648 : 00;
13649 : 00;
13650 : 00;
13651 : 00;
13652 : 00;
13653 : 00;
13654 : 00;
13655 : 00;
13656 : 00;
13657 : 00;
13658 : 00;
13659 : 00;
13660 : 00;
13661 : 00;
13662 : 00;
13663 : 00;
13664 : 00;
13665 : 00;
13666 : 00;
13667 : 00;
13668 : 00;
13669 : 00;
13670 : 00;
13671 : 00;
13672 : 00;
13673 : 00;
13674 : 00;
13675 : 00;
13676 : 00;
13677 : 00;
13678 : 00;
13679 : 00;
13680 : 00;
13681 : 00;
13682 : 00;
13683 : 00;
13684 : 00;
13685 : 00;
13686 : 00;
13687 : 00;
13688 : 00;
13689 : 00;
13690 : 00;
13691 : 00;
13692 : 00;
13693 : 00;
13694 : 00;
13695 : 00;
13696 : 00;
13697 : 00;
13698 : 00;
13699 : 00;
13700 : 00;
13701 : 00;
13702 : 00;
13703 : 00;
13704 : 00;
13705 : 00;
13706 : 00;
13707 : 00;
13708 : 00;
13709 : 00;
13710 : 00;
13711 : 00;
13712 : 00;
13713 : 00;
13714 : 00;
13715 : 00;
13716 : 00;
13717 : 00;
13718 : 00;
13719 : 00;
13720 : 00;
13721 : 00;
13722 : 00;
13723 : 00;
13724 : 00;
13725 : 00;
13726 : 00;
13727 : 00;
13728 : 00;
13729 : 00;
13730 : 00;
13731 : 00;
13732 : 00;
13733 : 00;
13734 : 00;
13735 : 00;
13736 : 00;
13737 : 00;
13738 : 00;
13739 : 00;
13740 : 00;
13741 : 00;
13742 : 00;
13743 : 00;
13744 : 00;
13745 : 00;
13746 : 00;
13747 : 00;
13748 : 00;
13749 : 00;
13750 : 00;
13751 : 00;
13752 : 00;
13753 : 00;
13754 : 00;
13755 : 00;
13756 : 00;
13757 : 00;
13758 : 00;
13759 : 00;
13760 : 00;
13761 : 00;
13762 : 00;
13763 : 00;
13764 : 00;
13765 : 00;
13766 : 00;
13767 : 00;
13768 : 00;
13769 : 00;
13770 : 00;
13771 : 00;
13772 : 00;
13773 : 00;
13774 : 00;
13775 : 00;
13776 : 00;
13777 : 00;
13778 : 00;
13779 : 00;
13780 : 00;
13781 : 00;
13782 : 00;
13783 : 00;
13784 : 00;
13785 : 00;
13786 : 00;
13787 : 00;
13788 : 00;
13789 : 00;
13790 : 00;
13791 : 00;
13792 : 00;
13793 : 00;
13794 : 00;
13795 : 00;
13796 : 00;
13797 : 00;
13798 : 00;
13799 : 00;
13800 : 00;
13801 : 00;
13802 : 00;
13803 : 00;
13804 : 00;
13805 : 00;
13806 : 00;
13807 : 00;
13808 : 00;
13809 : 00;
13810 : 00;
13811 : 00;
13812 : 00;
13813 : 00;
13814 : 00;
13815 : 00;
13816 : 00;
13817 : 00;
13818 : 00;
13819 : 00;
13820 : 00;
13821 : 00;
13822 : 00;
13823 : 00;
13824 : 00;
13825 : 00;
13826 : 00;
13827 : 00;
13828 : 00;
13829 : 00;
13830 : 00;
13831 : 00;
13832 : 00;
13833 : 00;
13834 : 00;
13835 : 00;
13836 : 00;
13837 : 00;
13838 : 00;
13839 : 00;
13840 : 00;
13841 : 00;
13842 : 00;
13843 : 00;
13844 : 00;
13845 : 00;
13846 : 00;
13847 : 00;
13848 : 00;
13849 : 00;
13850 : 00;
13851 : 00;
13852 : 00;
13853 : 00;
13854 : 00;
13855 : 00;
13856 : 00;
13857 : 00;
13858 : 00;
13859 : 00;
13860 : 00;
13861 : 00;
13862 : 00;
13863 : 00;
13864 : 00;
13865 : 00;
13866 : 00;
13867 : 00;
13868 : 00;
13869 : 00;
13870 : 00;
13871 : 00;
13872 : 00;
13873 : 00;
13874 : 00;
13875 : 00;
13876 : 00;
13877 : 00;
13878 : 00;
13879 : 00;
13880 : 00;
13881 : 00;
13882 : 00;
13883 : 00;
13884 : 00;
13885 : 00;
13886 : 00;
13887 : 00;
13888 : 00;
13889 : 00;
13890 : 00;
13891 : 00;
13892 : 00;
13893 : 00;
13894 : 00;
13895 : 00;
13896 : 00;
13897 : 00;
13898 : 00;
13899 : 00;
13900 : 00;
13901 : 00;
13902 : 00;
13903 : 00;
13904 : 00;
13905 : 00;
13906 : 00;
13907 : 00;
13908 : 00;
13909 : 00;
13910 : 00;
13911 : 00;
13912 : 00;
13913 : 00;
13914 : 00;
13915 : 00;
13916 : 00;
13917 : 00;
13918 : 00;
13919 : 00;
13920 : 00;
13921 : 00;
13922 : 00;
13923 : 00;
13924 : 00;
13925 : 00;
13926 : 00;
13927 : 00;
13928 : 00;
13929 : 00;
13930 : 00;
13931 : 00;
13932 : 00;
13933 : 00;
13934 : 00;
13935 : 00;
13936 : 00;
13937 : 00;
13938 : 00;
13939 : 00;
13940 : 00;
13941 : 00;
13942 : 00;
13943 : 00;
13944 : 00;
13945 : 00;
13946 : 00;
13947 : 00;
13948 : 00;
13949 : 00;
13950 : 00;
13951 : 00;
13952 : 00;
13953 : 00;
13954 : 00;
13955 : 00;
13956 : 00;
13957 : 00;
13958 : 00;
13959 : 00;
13960 : 00;
13961 : 00;
13962 : 00;
13963 : 00;
13964 : 00;
13965 : 00;
13966 : 00;
13967 : 00;
13968 : 00;
13969 : 00;
13970 : 00;
13971 : 00;
13972 : 00;
13973 : 00;
13974 : 00;
13975 : 00;
13976 : 00;
13977 : 00;
13978 : 00;
13979 : 00;
13980 : 00;
13981 : 00;
13982 : 00;
13983 : 00;
13984 : 00;
13985 : 00;
13986 : 00;
13987 : 00;
13988 : 00;
13989 : 00;
13990 : 00;
13991 : 00;
13992 : 00;
13993 : 00;
13994 : 00;
13995 : 00;
13996 : 00;
13997 : 00;
13998 : 00;
13999 : 00;
14000 : 00;
14001 : 00;
14002 : 00;
14003 : 00;
14004 : 00;
14005 : 00;
14006 : 00;
14007 : 00;
14008 : 00;
14009 : 00;
14010 : 00;
14011 : 00;
14012 : 00;
14013 : 00;
14014 : 00;
14015 : 00;
14016 : 00;
14017 : 00;
14018 : 00;
14019 : 00;
14020 : 00;
14021 : 00;
14022 : 00;
14023 : 00;
14024 : 00;
14025 : 00;
14026 : 00;
14027 : 00;
14028 : 00;
14029 : 00;
14030 : 00;
14031 : 00;
14032 : 00;
14033 : 00;
14034 : 00;
14035 : 00;
14036 : 00;
14037 : 00;
14038 : 00;
14039 : 00;
14040 : 00;
14041 : 00;
14042 : 00;
14043 : 00;
14044 : 00;
14045 : 00;
14046 : 00;
14047 : 00;
14048 : 00;
14049 : 00;
14050 : 00;
14051 : 00;
14052 : 00;
14053 : 00;
14054 : 00;
14055 : 00;
14056 : 00;
14057 : 00;
14058 : 00;
14059 : 00;
14060 : 00;
14061 : 00;
14062 : 00;
14063 : 00;
14064 : 00;
14065 : 00;
14066 : 00;
14067 : 00;
14068 : 00;
14069 : 00;
14070 : 00;
14071 : 00;
14072 : 00;
14073 : 00;
14074 : 00;
14075 : 00;
14076 : 00;
14077 : 00;
14078 : 00;
14079 : 00;
14080 : 00;
14081 : 00;
14082 : 00;
14083 : 00;
14084 : 00;
14085 : 00;
14086 : 00;
14087 : 00;
14088 : 00;
14089 : 00;
14090 : 00;
14091 : 00;
14092 : 00;
14093 : 00;
14094 : 00;
14095 : 00;
14096 : 00;
14097 : 00;
14098 : 00;
14099 : 00;
14100 : 00;
14101 : 00;
14102 : 00;
14103 : 00;
14104 : 00;
14105 : 00;
14106 : 00;
14107 : 00;
14108 : 00;
14109 : 00;
14110 : 00;
14111 : 00;
14112 : 00;
14113 : 00;
14114 : 00;
14115 : 00;
14116 : 00;
14117 : 00;
14118 : 00;
14119 : 00;
14120 : 00;
14121 : 00;
14122 : 00;
14123 : 00;
14124 : 00;
14125 : 00;
14126 : 00;
14127 : 00;
14128 : 00;
14129 : 00;
14130 : 00;
14131 : 00;
14132 : 00;
14133 : 00;
14134 : 00;
14135 : 00;
14136 : 00;
14137 : 00;
14138 : 00;
14139 : 00;
14140 : 00;
14141 : 00;
14142 : 00;
14143 : 00;
14144 : 00;
14145 : 00;
14146 : 00;
14147 : 00;
14148 : 00;
14149 : 00;
14150 : 00;
14151 : 00;
14152 : 00;
14153 : 00;
14154 : 00;
14155 : 00;
14156 : 00;
14157 : 00;
14158 : 00;
14159 : 00;
14160 : 00;
14161 : 00;
14162 : 00;
14163 : 00;
14164 : 00;
14165 : 00;
14166 : 00;
14167 : 00;
14168 : 00;
14169 : 00;
14170 : 00;
14171 : 00;
14172 : 00;
14173 : 00;
14174 : 00;
14175 : 00;
14176 : 00;
14177 : 00;
14178 : 00;
14179 : 00;
14180 : 00;
14181 : 00;
14182 : 00;
14183 : 00;
14184 : 00;
14185 : 00;
14186 : 00;
14187 : 00;
14188 : 00;
14189 : 00;
14190 : 00;
14191 : 00;
14192 : 00;
14193 : 00;
14194 : 00;
14195 : 00;
14196 : 00;
14197 : 00;
14198 : 00;
14199 : 00;
14200 : 00;
14201 : 00;
14202 : 00;
14203 : 00;
14204 : 00;
14205 : 00;
14206 : 00;
14207 : 00;
14208 : 00;
14209 : 00;
14210 : 00;
14211 : 00;
14212 : 00;
14213 : 00;
14214 : 00;
14215 : 00;
14216 : 00;
14217 : 00;
14218 : 00;
14219 : 00;
14220 : 00;
14221 : 00;
14222 : 00;
14223 : 00;
14224 : 00;
14225 : 00;
14226 : 00;
14227 : 00;
14228 : 00;
14229 : 00;
14230 : 00;
14231 : 00;
14232 : 00;
14233 : 00;
14234 : 00;
14235 : 00;
14236 : 00;
14237 : 00;
14238 : 00;
14239 : 00;
14240 : 00;
14241 : 00;
14242 : 00;
14243 : 00;
14244 : 00;
14245 : 00;
14246 : 00;
14247 : 00;
14248 : 00;
14249 : 00;
14250 : 00;
14251 : 00;
14252 : 00;
14253 : 00;
14254 : 00;
14255 : 00;
14256 : 00;
14257 : 00;
14258 : 00;
14259 : 00;
14260 : 00;
14261 : 00;
14262 : 00;
14263 : 00;
14264 : 00;
14265 : 00;
14266 : 00;
14267 : 00;
14268 : 00;
14269 : 00;
14270 : 00;
14271 : 00;
14272 : 00;
14273 : 00;
14274 : 00;
14275 : 00;
14276 : 00;
14277 : 00;
14278 : 00;
14279 : 00;
14280 : 00;
14281 : 00;
14282 : 00;
14283 : 00;
14284 : 00;
14285 : 00;
14286 : 00;
14287 : 00;
14288 : 00;
14289 : 00;
14290 : 00;
14291 : 00;
14292 : 00;
14293 : 00;
14294 : 00;
14295 : 00;
14296 : 00;
14297 : 00;
14298 : 00;
14299 : 00;
14300 : 00;
14301 : 00;
14302 : 00;
14303 : 00;
14304 : 00;
14305 : 00;
14306 : 00;
14307 : 00;
14308 : 00;
14309 : 00;
14310 : 00;
14311 : 00;
14312 : 00;
14313 : 00;
14314 : 00;
14315 : 00;
14316 : 00;
14317 : 00;
14318 : 00;
14319 : 00;
14320 : 00;
14321 : 00;
14322 : 00;
14323 : 00;
14324 : 00;
14325 : 00;
14326 : 00;
14327 : 00;
14328 : 00;
14329 : 00;
14330 : 00;
14331 : 00;
14332 : 00;
14333 : 00;
14334 : 00;
14335 : 00;
14336 : 00;
14337 : 00;
14338 : 00;
14339 : 00;
14340 : 00;
14341 : 00;
14342 : 00;
14343 : 00;
14344 : 00;
14345 : 00;
14346 : 00;
14347 : 00;
14348 : 00;
14349 : 00;
14350 : 00;
14351 : 00;
14352 : 00;
14353 : 00;
14354 : 00;
14355 : 00;
14356 : 00;
14357 : 00;
14358 : 00;
14359 : 00;
14360 : 00;
14361 : 00;
14362 : 00;
14363 : 00;
14364 : 00;
14365 : 00;
14366 : 00;
14367 : 00;
14368 : 00;
14369 : 00;
14370 : 00;
14371 : 00;
14372 : 00;
14373 : 00;
14374 : 00;
14375 : 00;
14376 : 00;
14377 : 00;
14378 : 00;
14379 : 00;
14380 : 00;
14381 : 00;
14382 : 00;
14383 : 00;
14384 : 00;
14385 : 00;
14386 : 00;
14387 : 00;
14388 : 00;
14389 : 00;
14390 : 00;
14391 : 00;
14392 : 00;
14393 : 00;
14394 : 00;
14395 : 00;
14396 : 00;
14397 : 00;
14398 : 00;
14399 : 00;
14400 : 00;
14401 : 00;
14402 : 00;
14403 : 00;
14404 : 00;
14405 : 00;
14406 : 00;
14407 : 00;
14408 : 00;
14409 : 00;
14410 : 00;
14411 : 00;
14412 : 00;
14413 : 00;
14414 : 00;
14415 : 00;
14416 : 00;
14417 : 00;
14418 : 00;
14419 : 00;
14420 : 00;
14421 : 00;
14422 : 00;
14423 : 00;
14424 : 00;
14425 : 00;
14426 : 00;
14427 : 00;
14428 : 00;
14429 : 00;
14430 : 00;
14431 : 00;
14432 : 00;
14433 : 00;
14434 : 00;
14435 : 00;
14436 : 00;
14437 : 00;
14438 : 00;
14439 : 00;
14440 : 00;
14441 : 00;
14442 : 00;
14443 : 00;
14444 : 00;
14445 : 00;
14446 : 00;
14447 : 00;
14448 : 00;
14449 : 00;
14450 : 00;
14451 : 00;
14452 : 00;
14453 : 00;
14454 : 00;
14455 : 00;
14456 : 00;
14457 : 00;
14458 : 00;
14459 : 00;
14460 : 00;
14461 : 00;
14462 : 00;
14463 : 00;
14464 : 00;
14465 : 00;
14466 : 00;
14467 : 00;
14468 : 00;
14469 : 00;
14470 : 00;
14471 : 00;
14472 : 00;
14473 : 00;
14474 : 00;
14475 : 00;
14476 : 00;
14477 : 00;
14478 : 00;
14479 : 00;
14480 : 00;
14481 : 00;
14482 : 00;
14483 : 00;
14484 : 00;
14485 : 00;
14486 : 00;
14487 : 00;
14488 : 00;
14489 : 00;
14490 : 00;
14491 : 00;
14492 : 00;
14493 : 00;
14494 : 00;
14495 : 00;
14496 : 00;
14497 : 00;
14498 : 00;
14499 : 00;
14500 : 00;
14501 : 00;
14502 : 00;
14503 : 00;
14504 : 00;
14505 : 00;
14506 : 00;
14507 : 00;
14508 : 00;
14509 : 00;
14510 : 00;
14511 : 00;
14512 : 00;
14513 : 00;
14514 : 00;
14515 : 00;
14516 : 00;
14517 : 00;
14518 : 00;
14519 : 00;
14520 : 00;
14521 : 00;
14522 : 00;
14523 : 00;
14524 : 00;
14525 : 00;
14526 : 00;
14527 : 00;
14528 : 00;
14529 : 00;
14530 : 00;
14531 : 00;
14532 : 00;
14533 : 00;
14534 : 00;
14535 : 00;
14536 : 00;
14537 : 00;
14538 : 00;
14539 : 00;
14540 : 00;
14541 : 00;
14542 : 00;
14543 : 00;
14544 : 00;
14545 : 00;
14546 : 00;
14547 : 00;
14548 : 00;
14549 : 00;
14550 : 00;
14551 : 00;
14552 : 00;
14553 : 00;
14554 : 00;
14555 : 00;
14556 : 00;
14557 : 00;
14558 : 00;
14559 : 00;
14560 : 00;
14561 : 00;
14562 : 00;
14563 : 00;
14564 : 00;
14565 : 00;
14566 : 00;
14567 : 00;
14568 : 00;
14569 : 00;
14570 : 00;
14571 : 00;
14572 : 00;
14573 : 00;
14574 : 00;
14575 : 00;
14576 : 00;
14577 : 00;
14578 : 00;
14579 : 00;
14580 : 00;
14581 : 00;
14582 : 00;
14583 : 00;
14584 : 00;
14585 : 00;
14586 : 00;
14587 : 00;
14588 : 00;
14589 : 00;
14590 : 00;
14591 : 00;
14592 : 00;
14593 : 00;
14594 : 00;
14595 : 00;
14596 : 00;
14597 : 00;
14598 : 00;
14599 : 00;
14600 : 00;
14601 : 00;
14602 : 00;
14603 : 00;
14604 : 00;
14605 : 00;
14606 : 00;
14607 : 00;
14608 : 00;
14609 : 00;
14610 : 00;
14611 : 00;
14612 : 00;
14613 : 00;
14614 : 00;
14615 : 00;
14616 : 00;
14617 : 00;
14618 : 00;
14619 : 00;
14620 : 00;
14621 : 00;
14622 : 00;
14623 : 00;
14624 : 00;
14625 : 00;
14626 : 00;
14627 : 00;
14628 : 00;
14629 : 00;
14630 : 00;
14631 : 00;
14632 : 00;
14633 : 00;
14634 : 00;
14635 : 00;
14636 : 00;
14637 : 00;
14638 : 00;
14639 : 00;
14640 : 00;
14641 : 00;
14642 : 00;
14643 : 00;
14644 : 00;
14645 : 00;
14646 : 00;
14647 : 00;
14648 : 00;
14649 : 00;
14650 : 00;
14651 : 00;
14652 : 00;
14653 : 00;
14654 : 00;
14655 : 00;
14656 : 00;
14657 : 00;
14658 : 00;
14659 : 00;
14660 : 00;
14661 : 00;
14662 : 00;
14663 : 00;
14664 : 00;
14665 : 00;
14666 : 00;
14667 : 00;
14668 : 00;
14669 : 00;
14670 : 00;
14671 : 00;
14672 : 00;
14673 : 00;
14674 : 00;
14675 : 00;
14676 : 00;
14677 : 00;
14678 : 00;
14679 : 00;
14680 : 00;
14681 : 00;
14682 : 00;
14683 : 00;
14684 : 00;
14685 : 00;
14686 : 00;
14687 : 00;
14688 : 00;
14689 : 00;
14690 : 00;
14691 : 00;
14692 : 00;
14693 : 00;
14694 : 00;
14695 : 00;
14696 : 00;
14697 : 00;
14698 : 00;
14699 : 00;
14700 : 00;
14701 : 00;
14702 : 00;
14703 : 00;
14704 : 00;
14705 : 00;
14706 : 00;
14707 : 00;
14708 : 00;
14709 : 00;
14710 : 00;
14711 : 00;
14712 : 00;
14713 : 00;
14714 : 00;
14715 : 00;
14716 : 00;
14717 : 00;
14718 : 00;
14719 : 00;
14720 : 00;
14721 : 00;
14722 : 00;
14723 : 00;
14724 : 00;
14725 : 00;
14726 : 00;
14727 : 00;
14728 : 00;
14729 : 00;
14730 : 00;
14731 : 00;
14732 : 00;
14733 : 00;
14734 : 00;
14735 : 00;
14736 : 00;
14737 : 00;
14738 : 00;
14739 : 00;
14740 : 00;
14741 : 00;
14742 : 00;
14743 : 00;
14744 : 00;
14745 : 00;
14746 : 00;
14747 : 00;
14748 : 00;
14749 : 00;
14750 : 00;
14751 : 00;
14752 : 00;
14753 : 00;
14754 : 00;
14755 : 00;
14756 : 00;
14757 : 00;
14758 : 00;
14759 : 00;
14760 : 00;
14761 : 00;
14762 : 00;
14763 : 00;
14764 : 00;
14765 : 00;
14766 : 00;
14767 : 00;
14768 : 00;
14769 : 00;
14770 : 00;
14771 : 00;
14772 : 00;
14773 : 00;
14774 : 00;
14775 : 00;
14776 : 00;
14777 : 00;
14778 : 00;
14779 : 00;
14780 : 00;
14781 : 00;
14782 : 00;
14783 : 00;
14784 : 00;
14785 : 00;
14786 : 00;
14787 : 00;
14788 : 00;
14789 : 00;
14790 : 00;
14791 : 00;
14792 : 00;
14793 : 00;
14794 : 00;
14795 : 00;
14796 : 00;
14797 : 00;
14798 : 00;
14799 : 00;
14800 : 00;
14801 : 00;
14802 : 00;
14803 : 00;
14804 : 00;
14805 : 00;
14806 : 00;
14807 : 00;
14808 : 00;
14809 : 00;
14810 : 00;
14811 : 00;
14812 : 00;
14813 : 00;
14814 : 00;
14815 : 00;
14816 : 00;
14817 : 00;
14818 : 00;
14819 : 00;
14820 : 00;
14821 : 00;
14822 : 00;
14823 : 00;
14824 : 00;
14825 : 00;
14826 : 00;
14827 : 00;
14828 : 00;
14829 : 00;
14830 : 00;
14831 : 00;
14832 : 00;
14833 : 00;
14834 : 00;
14835 : 00;
14836 : 00;
14837 : 00;
14838 : 00;
14839 : 00;
14840 : 00;
14841 : 00;
14842 : 00;
14843 : 00;
14844 : 00;
14845 : 00;
14846 : 00;
14847 : 00;
14848 : 00;
14849 : 00;
14850 : 00;
14851 : 00;
14852 : 00;
14853 : 00;
14854 : 00;
14855 : 00;
14856 : 00;
14857 : 00;
14858 : 00;
14859 : 00;
14860 : 00;
14861 : 00;
14862 : 00;
14863 : 00;
14864 : 00;
14865 : 00;
14866 : 00;
14867 : 00;
14868 : 00;
14869 : 00;
14870 : 00;
14871 : 00;
14872 : 00;
14873 : 00;
14874 : 00;
14875 : 00;
14876 : 00;
14877 : 00;
14878 : 00;
14879 : 00;
14880 : 00;
14881 : 00;
14882 : 00;
14883 : 00;
14884 : 00;
14885 : 00;
14886 : 00;
14887 : 00;
14888 : 00;
14889 : 00;
14890 : 00;
14891 : 00;
14892 : 00;
14893 : 00;
14894 : 00;
14895 : 00;
14896 : 00;
14897 : 00;
14898 : 00;
14899 : 00;
14900 : 00;
14901 : 00;
14902 : 00;
14903 : 00;
14904 : 00;
14905 : 00;
14906 : 00;
14907 : 00;
14908 : 00;
14909 : 00;
14910 : 00;
14911 : 00;
14912 : 00;
14913 : 00;
14914 : 00;
14915 : 00;
14916 : 00;
14917 : 00;
14918 : 00;
14919 : 00;
14920 : 00;
14921 : 00;
14922 : 00;
14923 : 00;
14924 : 00;
14925 : 00;
14926 : 00;
14927 : 00;
14928 : 00;
14929 : 00;
14930 : 00;
14931 : 00;
14932 : 00;
14933 : 00;
14934 : 00;
14935 : 00;
14936 : 00;
14937 : 00;
14938 : 00;
14939 : 00;
14940 : 00;
14941 : 00;
14942 : 00;
14943 : 00;
14944 : 00;
14945 : 00;
14946 : 00;
14947 : 00;
14948 : 00;
14949 : 00;
14950 : 00;
14951 : 00;
14952 : 00;
14953 : 00;
14954 : 00;
14955 : 00;
14956 : 00;
14957 : 00;
14958 : 00;
14959 : 00;
14960 : 00;
14961 : 00;
14962 : 00;
14963 : 00;
14964 : 00;
14965 : 00;
14966 : 00;
14967 : 00;
14968 : 00;
14969 : 00;
14970 : 00;
14971 : 00;
14972 : 00;
14973 : 00;
14974 : 00;
14975 : 00;
14976 : 00;
14977 : 00;
14978 : 00;
14979 : 00;
14980 : 00;
14981 : 00;
14982 : 00;
14983 : 00;
14984 : 00;
14985 : 00;
14986 : 00;
14987 : 00;
14988 : 00;
14989 : 00;
14990 : 00;
14991 : 00;
14992 : 00;
14993 : 00;
14994 : 00;
14995 : 00;
14996 : 00;
14997 : 00;
14998 : 00;
14999 : 00;
15000 : 00;
15001 : 00;
15002 : 00;
15003 : 00;
15004 : 00;
15005 : 00;
15006 : 00;
15007 : 00;
15008 : 00;
15009 : 00;
15010 : 00;
15011 : 00;
15012 : 00;
15013 : 00;
15014 : 00;
15015 : 00;
15016 : 00;
15017 : 00;
15018 : 00;
15019 : 00;
15020 : 00;
15021 : 00;
15022 : 00;
15023 : 00;
15024 : 00;
15025 : 00;
15026 : 00;
15027 : 00;
15028 : 00;
15029 : 00;
15030 : 00;
15031 : 00;
15032 : 00;
15033 : 00;
15034 : 00;
15035 : 00;
15036 : 00;
15037 : 00;
15038 : 00;
15039 : 00;
15040 : 00;
15041 : 00;
15042 : 00;
15043 : 00;
15044 : 00;
15045 : 00;
15046 : 00;
15047 : 00;
15048 : 00;
15049 : 00;
15050 : 00;
15051 : 00;
15052 : 00;
15053 : 00;
15054 : 00;
15055 : 00;
15056 : 00;
15057 : 00;
15058 : 00;
15059 : 00;
15060 : 00;
15061 : 00;
15062 : 00;
15063 : 00;
15064 : 00;
15065 : 00;
15066 : 00;
15067 : 00;
15068 : 00;
15069 : 00;
15070 : 00;
15071 : 00;
15072 : 00;
15073 : 00;
15074 : 00;
15075 : 00;
15076 : 00;
15077 : 00;
15078 : 00;
15079 : 00;
15080 : 00;
15081 : 00;
15082 : 00;
15083 : 00;
15084 : 00;
15085 : 00;
15086 : 00;
15087 : 00;
15088 : 00;
15089 : 00;
15090 : 00;
15091 : 00;
15092 : 00;
15093 : 00;
15094 : 00;
15095 : 00;
15096 : 00;
15097 : 00;
15098 : 00;
15099 : 00;
15100 : 00;
15101 : 00;
15102 : 00;
15103 : 00;
15104 : 00;
15105 : 00;
15106 : 00;
15107 : 00;
15108 : 00;
15109 : 00;
15110 : 00;
15111 : 00;
15112 : 00;
15113 : 00;
15114 : 00;
15115 : 00;
15116 : 00;
15117 : 00;
15118 : 00;
15119 : 00;
15120 : 00;
15121 : 00;
15122 : 00;
15123 : 00;
15124 : 00;
15125 : 00;
15126 : 00;
15127 : 00;
15128 : 00;
15129 : 00;
15130 : 00;
15131 : 00;
15132 : 00;
15133 : 00;
15134 : 00;
15135 : 00;
15136 : 00;
15137 : 00;
15138 : 00;
15139 : 00;
15140 : 00;
15141 : 00;
15142 : 00;
15143 : 00;
15144 : 00;
15145 : 00;
15146 : 00;
15147 : 00;
15148 : 00;
15149 : 00;
15150 : 00;
15151 : 00;
15152 : 00;
15153 : 00;
15154 : 00;
15155 : 00;
15156 : 00;
15157 : 00;
15158 : 00;
15159 : 00;
15160 : 00;
15161 : 00;
15162 : 00;
15163 : 00;
15164 : 00;
15165 : 00;
15166 : 00;
15167 : 00;
15168 : 00;
15169 : 00;
15170 : 00;
15171 : 00;
15172 : 00;
15173 : 00;
15174 : 00;
15175 : 00;
15176 : 00;
15177 : 00;
15178 : 00;
15179 : 00;
15180 : 00;
15181 : 00;
15182 : 00;
15183 : 00;
15184 : 00;
15185 : 00;
15186 : 00;
15187 : 00;
15188 : 00;
15189 : 00;
15190 : 00;
15191 : 00;
15192 : 00;
15193 : 00;
15194 : 00;
15195 : 00;
15196 : 00;
15197 : 00;
15198 : 00;
15199 : 00;
15200 : 00;
15201 : 00;
15202 : 00;
15203 : 00;
15204 : 00;
15205 : 00;
15206 : 00;
15207 : 00;
15208 : 00;
15209 : 00;
15210 : 00;
15211 : 00;
15212 : 00;
15213 : 00;
15214 : 00;
15215 : 00;
15216 : 00;
15217 : 00;
15218 : 00;
15219 : 00;
15220 : 00;
15221 : 00;
15222 : 00;
15223 : 00;
15224 : 00;
15225 : 00;
15226 : 00;
15227 : 00;
15228 : 00;
15229 : 00;
15230 : 00;
15231 : 00;
15232 : 00;
15233 : 00;
15234 : 00;
15235 : 00;
15236 : 00;
15237 : 00;
15238 : 00;
15239 : 00;
15240 : 00;
15241 : 00;
15242 : 00;
15243 : 00;
15244 : 00;
15245 : 00;
15246 : 00;
15247 : 00;
15248 : 00;
15249 : 00;
15250 : 00;
15251 : 00;
15252 : 00;
15253 : 00;
15254 : 00;
15255 : 00;
15256 : 00;
15257 : 00;
15258 : 00;
15259 : 00;
15260 : 00;
15261 : 00;
15262 : 00;
15263 : 00;
15264 : 00;
15265 : 00;
15266 : 00;
15267 : 00;
15268 : 00;
15269 : 00;
15270 : 00;
15271 : 00;
15272 : 00;
15273 : 00;
15274 : 00;
15275 : 00;
15276 : 00;
15277 : 00;
15278 : 00;
15279 : 00;
15280 : 00;
15281 : 00;
15282 : 00;
15283 : 00;
15284 : 00;
15285 : 00;
15286 : 00;
15287 : 00;
15288 : 00;
15289 : 00;
15290 : 00;
15291 : 00;
15292 : 00;
15293 : 00;
15294 : 00;
15295 : 00;
15296 : 00;
15297 : 00;
15298 : 00;
15299 : 00;
15300 : 00;
15301 : 00;
15302 : 00;
15303 : 00;
15304 : 00;
15305 : 00;
15306 : 00;
15307 : 00;
15308 : 00;
15309 : 00;
15310 : 00;
15311 : 00;
15312 : 00;
15313 : 00;
15314 : 00;
15315 : 00;
15316 : 00;
15317 : 00;
15318 : 00;
15319 : 00;
15320 : 00;
15321 : 00;
15322 : 00;
15323 : 00;
15324 : 00;
15325 : 00;
15326 : 00;
15327 : 00;
15328 : 00;
15329 : 00;
15330 : 00;
15331 : 00;
15332 : 00;
15333 : 00;
15334 : 00;
15335 : 00;
15336 : 00;
15337 : 00;
15338 : 00;
15339 : 00;
15340 : 00;
15341 : 00;
15342 : 00;
15343 : 00;
15344 : 00;
15345 : 00;
15346 : 00;
15347 : 00;
15348 : 00;
15349 : 00;
15350 : 00;
15351 : 00;
15352 : 00;
15353 : 00;
15354 : 00;
15355 : 00;
15356 : 00;
15357 : 00;
15358 : 00;
15359 : 00;
15360 : 00;
15361 : 00;
15362 : 00;
15363 : 00;
15364 : 00;
15365 : 00;
15366 : 00;
15367 : 00;
15368 : 00;
15369 : 00;
15370 : 00;
15371 : 00;
15372 : 00;
15373 : 00;
15374 : 00;
15375 : 00;
15376 : 00;
15377 : 00;
15378 : 00;
15379 : 00;
15380 : 00;
15381 : 00;
15382 : 00;
15383 : 00;
15384 : 00;
15385 : 00;
15386 : 00;
15387 : 00;
15388 : 00;
15389 : 00;
15390 : 00;
15391 : 00;
15392 : 00;
15393 : 00;
15394 : 00;
15395 : 00;
15396 : 00;
15397 : 00;
15398 : 00;
15399 : 00;
15400 : 00;
15401 : 00;
15402 : 00;
15403 : 00;
15404 : 00;
15405 : 00;
15406 : 00;
15407 : 00;
15408 : 00;
15409 : 00;
15410 : 00;
15411 : 00;
15412 : 00;
15413 : 00;
15414 : 00;
15415 : 00;
15416 : 00;
15417 : 00;
15418 : 00;
15419 : 00;
15420 : 00;
15421 : 00;
15422 : 00;
15423 : 00;
15424 : 00;
15425 : 00;
15426 : 00;
15427 : 00;
15428 : 00;
15429 : 00;
15430 : 00;
15431 : 00;
15432 : 00;
15433 : 00;
15434 : 00;
15435 : 00;
15436 : 00;
15437 : 00;
15438 : 00;
15439 : 00;
15440 : 00;
15441 : 00;
15442 : 00;
15443 : 00;
15444 : 00;
15445 : 00;
15446 : 00;
15447 : 00;
15448 : 00;
15449 : 00;
15450 : 00;
15451 : 00;
15452 : 00;
15453 : 00;
15454 : 00;
15455 : 00;
15456 : 00;
15457 : 00;
15458 : 00;
15459 : 00;
15460 : 00;
15461 : 00;
15462 : 00;
15463 : 00;
15464 : 00;
15465 : 00;
15466 : 00;
15467 : 00;
15468 : 00;
15469 : 00;
15470 : 00;
15471 : 00;
15472 : 00;
15473 : 00;
15474 : 00;
15475 : 00;
15476 : 00;
15477 : 00;
15478 : 00;
15479 : 00;
15480 : 00;
15481 : 00;
15482 : 00;
15483 : 00;
15484 : 00;
15485 : 00;
15486 : 00;
15487 : 00;
15488 : 00;
15489 : 00;
15490 : 00;
15491 : 00;
15492 : 00;
15493 : 00;
15494 : 00;
15495 : 00;
15496 : 00;
15497 : 00;
15498 : 00;
15499 : 00;
15500 : 00;
15501 : 00;
15502 : 00;
15503 : 00;
15504 : 00;
15505 : 00;
15506 : 00;
15507 : 00;
15508 : 00;
15509 : 00;
15510 : 00;
15511 : 00;
15512 : 00;
15513 : 00;
15514 : 00;
15515 : 00;
15516 : 00;
15517 : 00;
15518 : 00;
15519 : 00;
15520 : 00;
15521 : 00;
15522 : 00;
15523 : 00;
15524 : 00;
15525 : 00;
15526 : 00;
15527 : 00;
15528 : 00;
15529 : 00;
15530 : 00;
15531 : 00;
15532 : 00;
15533 : 00;
15534 : 00;
15535 : 00;
15536 : 00;
15537 : 00;
15538 : 00;
15539 : 00;
15540 : 00;
15541 : 00;
15542 : 00;
15543 : 00;
15544 : 00;
15545 : 00;
15546 : 00;
15547 : 00;
15548 : 00;
15549 : 00;
15550 : 00;
15551 : 00;
15552 : 00;
15553 : 00;
15554 : 00;
15555 : 00;
15556 : 00;
15557 : 00;
15558 : 00;
15559 : 00;
15560 : 00;
15561 : 00;
15562 : 00;
15563 : 00;
15564 : 00;
15565 : 00;
15566 : 00;
15567 : 00;
15568 : 00;
15569 : 00;
15570 : 00;
15571 : 00;
15572 : 00;
15573 : 00;
15574 : 00;
15575 : 00;
15576 : 00;
15577 : 00;
15578 : 00;
15579 : 00;
15580 : 00;
15581 : 00;
15582 : 00;
15583 : 00;
15584 : 00;
15585 : 00;
15586 : 00;
15587 : 00;
15588 : 00;
15589 : 00;
15590 : 00;
15591 : 00;
15592 : 00;
15593 : 00;
15594 : 00;
15595 : 00;
15596 : 00;
15597 : 00;
15598 : 00;
15599 : 00;
15600 : 00;
15601 : 00;
15602 : 00;
15603 : 00;
15604 : 00;
15605 : 00;
15606 : 00;
15607 : 00;
15608 : 00;
15609 : 00;
15610 : 00;
15611 : 00;
15612 : 00;
15613 : 00;
15614 : 00;
15615 : 00;
15616 : 00;
15617 : 00;
15618 : 00;
15619 : 00;
15620 : 00;
15621 : 00;
15622 : 00;
15623 : 00;
15624 : 00;
15625 : 00;
15626 : 00;
15627 : 00;
15628 : 00;
15629 : 00;
15630 : 00;
15631 : 00;
15632 : 00;
15633 : 00;
15634 : 00;
15635 : 00;
15636 : 00;
15637 : 00;
15638 : 00;
15639 : 00;
15640 : 00;
15641 : 00;
15642 : 00;
15643 : 00;
15644 : 00;
15645 : 00;
15646 : 00;
15647 : 00;
15648 : 00;
15649 : 00;
15650 : 00;
15651 : 00;
15652 : 00;
15653 : 00;
15654 : 00;
15655 : 00;
15656 : 00;
15657 : 00;
15658 : 00;
15659 : 00;
15660 : 00;
15661 : 00;
15662 : 00;
15663 : 00;
15664 : 00;
15665 : 00;
15666 : 00;
15667 : 00;
15668 : 00;
15669 : 00;
15670 : 00;
15671 : 00;
15672 : 00;
15673 : 00;
15674 : 00;
15675 : 00;
15676 : 00;
15677 : 00;
15678 : 00;
15679 : 00;
15680 : 00;
15681 : 00;
15682 : 00;
15683 : 00;
15684 : 00;
15685 : 00;
15686 : 00;
15687 : 00;
15688 : 00;
15689 : 00;
15690 : 00;
15691 : 00;
15692 : 00;
15693 : 00;
15694 : 00;
15695 : 00;
15696 : 00;
15697 : 00;
15698 : 00;
15699 : 00;
15700 : 00;
15701 : 00;
15702 : 00;
15703 : 00;
15704 : 00;
15705 : 00;
15706 : 00;
15707 : 00;
15708 : 00;
15709 : 00;
15710 : 00;
15711 : 00;
15712 : 00;
15713 : 00;
15714 : 00;
15715 : 00;
15716 : 00;
15717 : 00;
15718 : 00;
15719 : 00;
15720 : 00;
15721 : 00;
15722 : 00;
15723 : 00;
15724 : 00;
15725 : 00;
15726 : 00;
15727 : 00;
15728 : 00;
15729 : 00;
15730 : 00;
15731 : 00;
15732 : 00;
15733 : 00;
15734 : 00;
15735 : 00;
15736 : 00;
15737 : 00;
15738 : 00;
15739 : 00;
15740 : 00;
15741 : 00;
15742 : 00;
15743 : 00;
15744 : 00;
15745 : 00;
15746 : 00;
15747 : 00;
15748 : 00;
15749 : 00;
15750 : 00;
15751 : 00;
15752 : 00;
15753 : 00;
15754 : 00;
15755 : 00;
15756 : 00;
15757 : 00;
15758 : 00;
15759 : 00;
15760 : 00;
15761 : 00;
15762 : 00;
15763 : 00;
15764 : 00;
15765 : 00;
15766 : 00;
15767 : 00;
15768 : 00;
15769 : 00;
15770 : 00;
15771 : 00;
15772 : 00;
15773 : 00;
15774 : 00;
15775 : 00;
15776 : 00;
15777 : 00;
15778 : 00;
15779 : 00;
15780 : 00;
15781 : 00;
15782 : 00;
15783 : 00;
15784 : 00;
15785 : 00;
15786 : 00;
15787 : 00;
15788 : 00;
15789 : 00;
15790 : 00;
15791 : 00;
15792 : 00;
15793 : 00;
15794 : 00;
15795 : 00;
15796 : 00;
15797 : 00;
15798 : 00;
15799 : 00;
15800 : 00;
15801 : 00;
15802 : 00;
15803 : 00;
15804 : 00;
15805 : 00;
15806 : 00;
15807 : 00;
15808 : 00;
15809 : 00;
15810 : 00;
15811 : 00;
15812 : 00;
15813 : 00;
15814 : 00;
15815 : 00;
15816 : 00;
15817 : 00;
15818 : 00;
15819 : 00;
15820 : 00;
15821 : 00;
15822 : 00;
15823 : 00;
15824 : 00;
15825 : 00;
15826 : 00;
15827 : 00;
15828 : 00;
15829 : 00;
15830 : 00;
15831 : 00;
15832 : 00;
15833 : 00;
15834 : 00;
15835 : 00;
15836 : 00;
15837 : 00;
15838 : 00;
15839 : 00;
15840 : 00;
15841 : 00;
15842 : 00;
15843 : 00;
15844 : 00;
15845 : 00;
15846 : 00;
15847 : 00;
15848 : 00;
15849 : 00;
15850 : 00;
15851 : 00;
15852 : 00;
15853 : 00;
15854 : 00;
15855 : 00;
15856 : 00;
15857 : 00;
15858 : 00;
15859 : 00;
15860 : 00;
15861 : 00;
15862 : 00;
15863 : 00;
15864 : 00;
15865 : 00;
15866 : 00;
15867 : 00;
15868 : 00;
15869 : 00;
15870 : 00;
15871 : 00;
15872 : 00;
15873 : 00;
15874 : 00;
15875 : 00;
15876 : 00;
15877 : 00;
15878 : 00;
15879 : 00;
15880 : 00;
15881 : 00;
15882 : 00;
15883 : 00;
15884 : 00;
15885 : 00;
15886 : 00;
15887 : 00;
15888 : 00;
15889 : 00;
15890 : 00;
15891 : 00;
15892 : 00;
15893 : 00;
15894 : 00;
15895 : 00;
15896 : 00;
15897 : 00;
15898 : 00;
15899 : 00;
15900 : 00;
15901 : 00;
15902 : 00;
15903 : 00;
15904 : 00;
15905 : 00;
15906 : 00;
15907 : 00;
15908 : 00;
15909 : 00;
15910 : 00;
15911 : 00;
15912 : 00;
15913 : 00;
15914 : 00;
15915 : 00;
15916 : 00;
15917 : 00;
15918 : 00;
15919 : 00;
15920 : 00;
15921 : 00;
15922 : 00;
15923 : 00;
15924 : 00;
15925 : 00;
15926 : 00;
15927 : 00;
15928 : 00;
15929 : 00;
15930 : 00;
15931 : 00;
15932 : 00;
15933 : 00;
15934 : 00;
15935 : 00;
15936 : 00;
15937 : 00;
15938 : 00;
15939 : 00;
15940 : 00;
15941 : 00;
15942 : 00;
15943 : 00;
15944 : 00;
15945 : 00;
15946 : 00;
15947 : 00;
15948 : 00;
15949 : 00;
15950 : 00;
15951 : 00;
15952 : 00;
15953 : 00;
15954 : 00;
15955 : 00;
15956 : 00;
15957 : 00;
15958 : 00;
15959 : 00;
15960 : 00;
15961 : 00;
15962 : 00;
15963 : 00;
15964 : 00;
15965 : 00;
15966 : 00;
15967 : 00;
15968 : 00;
15969 : 00;
15970 : 00;
15971 : 00;
15972 : 00;
15973 : 00;
15974 : 00;
15975 : 00;
15976 : 00;
15977 : 00;
15978 : 00;
15979 : 00;
15980 : 00;
15981 : 00;
15982 : 00;
15983 : 00;
15984 : 00;
15985 : 00;
15986 : 00;
15987 : 00;
15988 : 00;
15989 : 00;
15990 : 00;
15991 : 00;
15992 : 00;
15993 : 00;
15994 : 00;
15995 : 00;
15996 : 00;
15997 : 00;
15998 : 00;
15999 : 00;
16000 : 00;
16001 : 00;
16002 : 00;
16003 : 00;
16004 : 00;
16005 : 00;
16006 : 00;
16007 : 00;
16008 : 00;
16009 : 00;
16010 : 00;
16011 : 00;
16012 : 00;
16013 : 00;
16014 : 00;
16015 : 00;
16016 : 00;
16017 : 00;
16018 : 00;
16019 : 00;
16020 : 00;
16021 : 00;
16022 : 00;
16023 : 00;
16024 : 00;
16025 : 00;
16026 : 00;
16027 : 00;
16028 : 00;
16029 : 00;
16030 : 00;
16031 : 00;
16032 : 00;
16033 : 00;
16034 : 00;
16035 : 00;
16036 : 00;
16037 : 00;
16038 : 00;
16039 : 00;
16040 : 00;
16041 : 00;
16042 : 00;
16043 : 00;
16044 : 00;
16045 : 00;
16046 : 00;
16047 : 00;
16048 : 00;
16049 : 00;
16050 : 00;
16051 : 00;
16052 : 00;
16053 : 00;
16054 : 00;
16055 : 00;
16056 : 00;
16057 : 00;
16058 : 00;
16059 : 00;
16060 : 00;
16061 : 00;
16062 : 00;
16063 : 00;
16064 : 00;
16065 : 00;
16066 : 00;
16067 : 00;
16068 : 00;
16069 : 00;
16070 : 00;
16071 : 00;
16072 : 00;
16073 : 00;
16074 : 00;
16075 : 00;
16076 : 00;
16077 : 00;
16078 : 00;
16079 : 00;
16080 : 00;
16081 : 00;
16082 : 00;
16083 : 00;
16084 : 00;
16085 : 00;
16086 : 00;
16087 : 00;
16088 : 00;
16089 : 00;
16090 : 00;
16091 : 00;
16092 : 00;
16093 : 00;
16094 : 00;
16095 : 00;
16096 : 00;
16097 : 00;
16098 : 00;
16099 : 00;
16100 : 00;
16101 : 00;
16102 : 00;
16103 : 00;
16104 : 00;
16105 : 00;
16106 : 00;
16107 : 00;
16108 : 00;
16109 : 00;
16110 : 00;
16111 : 00;
16112 : 00;
16113 : 00;
16114 : 00;
16115 : 00;
16116 : 00;
16117 : 00;
16118 : 00;
16119 : 00;
16120 : 00;
16121 : 00;
16122 : 00;
16123 : 00;
16124 : 00;
16125 : 00;
16126 : 00;
16127 : 00;
16128 : 00;
16129 : 00;
16130 : 00;
16131 : 00;
16132 : 00;
16133 : 00;
16134 : 00;
16135 : 00;
16136 : 00;
16137 : 00;
16138 : 00;
16139 : 00;
16140 : 00;
16141 : 00;
16142 : 00;
16143 : 00;
16144 : 00;
16145 : 00;
16146 : 00;
16147 : 00;
16148 : 00;
16149 : 00;
16150 : 00;
16151 : 00;
16152 : 00;
16153 : 00;
16154 : 00;
16155 : 00;
16156 : 00;
16157 : 00;
16158 : 00;
16159 : 00;
16160 : 00;
16161 : 00;
16162 : 00;
16163 : 00;
16164 : 00;
16165 : 00;
16166 : 00;
16167 : 00;
16168 : 00;
16169 : 00;
16170 : 00;
16171 : 00;
16172 : 00;
16173 : 00;
16174 : 00;
16175 : 00;
16176 : 00;
16177 : 00;
16178 : 00;
16179 : 00;
16180 : 00;
16181 : 00;
16182 : 00;
16183 : 00;
16184 : 00;
16185 : 00;
16186 : 00;
16187 : 00;
16188 : 00;
16189 : 00;
16190 : 00;
16191 : 00;
16192 : 00;
16193 : 00;
16194 : 00;
16195 : 00;
16196 : 00;
16197 : 00;
16198 : 00;
16199 : 00;
16200 : 00;
16201 : 00;
16202 : 00;
16203 : 00;
16204 : 00;
16205 : 00;
16206 : 00;
16207 : 00;
16208 : 00;
16209 : 00;
16210 : 00;
16211 : 00;
16212 : 00;
16213 : 00;
16214 : 00;
16215 : 00;
16216 : 00;
16217 : 00;
16218 : 00;
16219 : 00;
16220 : 00;
16221 : 00;
16222 : 00;
16223 : 00;
16224 : 00;
16225 : 00;
16226 : 00;
16227 : 00;
16228 : 00;
16229 : 00;
16230 : 00;
16231 : 00;
16232 : 00;
16233 : 00;
16234 : 00;
16235 : 00;
16236 : 00;
16237 : 00;
16238 : 00;
16239 : 00;
16240 : 00;
16241 : 00;
16242 : 00;
16243 : 00;
16244 : 00;
16245 : 00;
16246 : 00;
16247 : 00;
16248 : 00;
16249 : 00;
16250 : 00;
16251 : 00;
16252 : 00;
16253 : 00;
16254 : 00;
16255 : 00;
16256 : 00;
16257 : 00;
16258 : 00;
16259 : 00;
16260 : 00;
16261 : 00;
16262 : 00;
16263 : 00;
16264 : 00;
16265 : 00;
16266 : 00;
16267 : 00;
16268 : 00;
16269 : 00;
16270 : 00;
16271 : 00;
16272 : 00;
16273 : 00;
16274 : 00;
16275 : 00;
16276 : 00;
16277 : 00;
16278 : 00;
16279 : 00;
16280 : 00;
16281 : 00;
16282 : 00;
16283 : 00;
16284 : 00;
16285 : 00;
16286 : 00;
16287 : 00;
16288 : 00;
16289 : 00;
16290 : 00;
16291 : 00;
16292 : 00;
16293 : 00;
16294 : 00;
16295 : 00;
16296 : 00;
16297 : 00;
16298 : 00;
16299 : 00;
16300 : 00;
16301 : 00;
16302 : 00;
16303 : 00;
16304 : 00;
16305 : 00;
16306 : 00;
16307 : 00;
16308 : 00;
16309 : 00;
16310 : 00;
16311 : 00;
16312 : 00;
16313 : 00;
16314 : 00;
16315 : 00;
16316 : 00;
16317 : 00;
16318 : 00;
16319 : 00;
16320 : 00;
16321 : 00;
16322 : 00;
16323 : 00;
16324 : 00;
16325 : 00;
16326 : 00;
16327 : 00;
16328 : 00;
16329 : 00;
16330 : 00;
16331 : 00;
16332 : 00;
16333 : 00;
16334 : 00;
16335 : 00;
16336 : 00;
16337 : 00;
16338 : 00;
16339 : 00;
16340 : 00;
16341 : 00;
16342 : 00;
16343 : 00;
16344 : 00;
16345 : 00;
16346 : 00;
16347 : 00;
16348 : 00;
16349 : 00;
16350 : 00;
16351 : 00;
16352 : 00;
16353 : 00;
16354 : 00;
16355 : 00;
16356 : 00;
16357 : 00;
16358 : 00;
16359 : 00;
16360 : 00;
16361 : 00;
16362 : 00;
16363 : 00;
16364 : 00;
16365 : 00;
16366 : 00;
16367 : 00;
16368 : 00;
16369 : 00;
16370 : 00;
16371 : 00;
16372 : 00;
16373 : 00;
16374 : 00;
16375 : 00;
16376 : 00;
16377 : 00;
16378 : 00;
16379 : 00;
16380 : 00;
16381 : 00;
16382 : 00;
16383 : 00;
END;
